File	Classification	Extension	Bytes
.clang-format	ACTIVE_PRODUCTION	none	383
.clang-tidy	ACTIVE_PRODUCTION	none	563
.clangd	ACTIVE_PRODUCTION	none	202
.editorconfig	ACTIVE_PRODUCTION	none	322
.gitattributes	ACTIVE_PRODUCTION	none	621
.github/CODEOWNERS	ACTIVE_PRODUCTION	none	234
.github/ISSUE_TEMPLATE/bug_report.yml	ACTIVE_PRODUCTION	.yml	2732
.github/ISSUE_TEMPLATE/config.yml	ACTIVE_PRODUCTION	.yml	426
.github/ISSUE_TEMPLATE/feature_request.yml	ACTIVE_PRODUCTION	.yml	1713
.github/ISSUE_TEMPLATE/release_check.md	ACTIVE_PRODUCTION	.md	539
.github/ISSUE_TEMPLATE/security_vulnerability.yml	ACTIVE_PRODUCTION	.yml	1009
.github/dependabot.yml	ACTIVE_PRODUCTION	.yml	214
.github/labeler.yml	ACTIVE_PRODUCTION	.yml	1309
.github/pull_request_template.md	ACTIVE_PRODUCTION	.md	534
.github/workflows/ci-linux.yml	PLATFORM_SPECIFIC	.yml	5161
.github/workflows/ci-macos.yml	PLATFORM_SPECIFIC	.yml	1130
.github/workflows/ci-rust.yml	ACTIVE_PRODUCTION	.yml	665
.github/workflows/ci-windows.yml	PLATFORM_SPECIFIC	.yml	2225
.github/workflows/codeql-analysis.yml	ACTIVE_PRODUCTION	.yml	1709
.github/workflows/labeler.yml	ACTIVE_PRODUCTION	.yml	409
.github/workflows/release.yml	ACTIVE_PRODUCTION	.yml	10387
.gitignore	ACTIVE_PRODUCTION	none	837
.pre-commit-config.yaml	ACTIVE_PRODUCTION	.yaml	817
.qmllint.ini	ACTIVE_PRODUCTION	.ini	91
AGENTS.md	ACTIVE_PRODUCTION	.md	1488
CHANGELOG.md	ACTIVE_PRODUCTION	.md	3045
CMakeLists.txt	ACTIVE_PRODUCTION	.txt	3538
CMakePresets.json	ACTIVE_PRODUCTION	.json	4928
CODE_OF_CONDUCT.md	ACTIVE_PRODUCTION	.md	3025
CONTRIBUTING.md	ACTIVE_PRODUCTION	.md	1459
LICENSE	ACTIVE_PRODUCTION	none	35149
PRIVACY.md	ACTIVE_PRODUCTION	.md	2221
README.md	ACTIVE_PRODUCTION	.md	1477
SECURITY.md	ACTIVE_PRODUCTION	.md	1017
apps/CMakeLists.txt	ACTIVE_PRODUCTION	.txt	139
apps/sentinel-cli/CMakeLists.txt	ACTIVE_PRODUCTION	.txt	689
apps/sentinel-cli/commands/ChatCommand.cpp	ACTIVE_PRODUCTION	.cpp	2215
apps/sentinel-cli/commands/ChatCommand.h	ACTIVE_PRODUCTION	.h	353
apps/sentinel-cli/commands/ConfigCommand.cpp	ACTIVE_PRODUCTION	.cpp	2926
apps/sentinel-cli/commands/ConfigCommand.h	ACTIVE_PRODUCTION	.h	361
apps/sentinel-cli/commands/ModelCommand.cpp	ACTIVE_PRODUCTION	.cpp	4903
apps/sentinel-cli/commands/ModelCommand.h	ACTIVE_PRODUCTION	.h	357
apps/sentinel-cli/commands/StatusCommand.cpp	ACTIVE_PRODUCTION	.cpp	2017
apps/sentinel-cli/commands/StatusCommand.h	ACTIVE_PRODUCTION	.h	361
apps/sentinel-cli/main.cpp	ACTIVE_PRODUCTION	.cpp	1921
apps/sentinel-daemon/CMakeLists.txt	ACTIVE_PRODUCTION	.txt	1158
apps/sentinel-daemon/main.cpp	ACTIVE_PRODUCTION	.cpp	1957
apps/sentinel-daemon/service/DaemonDesktopSettings.cpp	ACTIVE_PRODUCTION	.cpp	15137
apps/sentinel-daemon/service/DaemonDesktopSettings.h	ACTIVE_PRODUCTION	.h	2338
apps/sentinel-daemon/service/DaemonIpcServer.cpp	ACTIVE_PRODUCTION	.cpp	71273
apps/sentinel-daemon/service/DaemonIpcServer.h	ACTIVE_PRODUCTION	.h	3283
apps/sentinel-daemon/service/DaemonModelHelpers.cpp	ACTIVE_PRODUCTION	.cpp	3175
apps/sentinel-daemon/service/DaemonModelHelpers.h	ACTIVE_PRODUCTION	.h	731
apps/sentinel-daemon/service/DaemonService.cpp	ACTIVE_PRODUCTION	.cpp	11195
apps/sentinel-daemon/service/DaemonService.h	ACTIVE_PRODUCTION	.h	1057
apps/sentinel-daemon/service/DesktopProjection.generated.h	GENERATED	.h	42700
apps/sentinel-daemon/service/IpcContract.generated.h	GENERATED	.h	5870
apps/sentinel-desktop/CMakeLists.txt	ACTIVE_PRODUCTION	.txt	20058
apps/sentinel-desktop/bootstrap/ApplicationBootstrapper.cpp	ACTIVE_PRODUCTION	.cpp	12810
apps/sentinel-desktop/bootstrap/ApplicationBootstrapper.h	ACTIVE_PRODUCTION	.h	2139
apps/sentinel-desktop/bootstrap/GraphicsInitializer.cpp	ACTIVE_PRODUCTION	.cpp	1522
apps/sentinel-desktop/bootstrap/GraphicsInitializer.h	ACTIVE_PRODUCTION	.h	433
apps/sentinel-desktop/bootstrap/LoggingInitializer.cpp	ACTIVE_PRODUCTION	.cpp	2148
apps/sentinel-desktop/bootstrap/LoggingInitializer.h	ACTIVE_PRODUCTION	.h	413
apps/sentinel-desktop/bootstrap/PlatformInitializer.cpp	ACTIVE_PRODUCTION	.cpp	4448
apps/sentinel-desktop/bootstrap/PlatformInitializer.h	ACTIVE_PRODUCTION	.h	901
apps/sentinel-desktop/bootstrap/SingleInstanceGuard.cpp	ACTIVE_PRODUCTION	.cpp	2798
apps/sentinel-desktop/bootstrap/SingleInstanceGuard.h	ACTIVE_PRODUCTION	.h	923
apps/sentinel-desktop/include/sentinel/desktop/ChatMessageListModel.h	ACTIVE_PRODUCTION	.h	1095
apps/sentinel-desktop/include/sentinel/desktop/DaemonClient.h	ACTIVE_PRODUCTION	.h	4057
apps/sentinel-desktop/include/sentinel/desktop/DesktopBridge.generated.inc	GENERATED	.inc	40295
apps/sentinel-desktop/include/sentinel/desktop/DesktopControllerBridge.h	ACTIVE_PRODUCTION	.h	4330
apps/sentinel-desktop/include/sentinel/desktop/DesktopModelHelper.h	ACTIVE_PRODUCTION	.h	2814
apps/sentinel-desktop/include/sentinel/desktop/DesktopRuntimeClient.h	ACTIVE_PRODUCTION	.h	3883
apps/sentinel-desktop/include/sentinel/desktop/DesktopSettingsStore.h	ACTIVE_PRODUCTION	.h	3283
apps/sentinel-desktop/include/sentinel/desktop/DesktopShellViewModel.h	ACTIVE_PRODUCTION	.h	179028
apps/sentinel-desktop/include/sentinel/desktop/GraphicsBackend.h	ACTIVE_PRODUCTION	.h	562
apps/sentinel-desktop/include/sentinel/desktop/MacNativeNotifications.h	PLATFORM_SPECIFIC	.h	812
apps/sentinel-desktop/include/sentinel/desktop/NativeCompanionAdapter.h	ACTIVE_PRODUCTION	.h	2970
apps/sentinel-desktop/include/sentinel/desktop/QuickPanelController.h	ACTIVE_PRODUCTION	.h	1538
apps/sentinel-desktop/include/sentinel/desktop/viewmodels/AgentInspectorViewModel.h	ACTIVE_PRODUCTION	.h	4547
apps/sentinel-desktop/include/sentinel/desktop/viewmodels/ChatViewModel.h	ACTIVE_PRODUCTION	.h	1638
apps/sentinel-desktop/main.cpp	ACTIVE_PRODUCTION	.cpp	639
apps/sentinel-desktop/src/ChatMessageListModel.cpp	ACTIVE_PRODUCTION	.cpp	4974
apps/sentinel-desktop/src/DaemonClient.cpp	ACTIVE_PRODUCTION	.cpp	15284
apps/sentinel-desktop/src/DesktopControllerBridge.cpp	ACTIVE_PRODUCTION	.cpp	8262
apps/sentinel-desktop/src/DesktopModelHelper.cpp	ACTIVE_PRODUCTION	.cpp	2785
apps/sentinel-desktop/src/DesktopRuntimeClient.cpp	ACTIVE_PRODUCTION	.cpp	37518
apps/sentinel-desktop/src/DesktopShellViewModel.cpp	ACTIVE_PRODUCTION	.cpp	269747
apps/sentinel-desktop/src/GraphicsBackend.cpp	ACTIVE_PRODUCTION	.cpp	1832
apps/sentinel-desktop/src/MacNativeActivation.mm	PLATFORM_SPECIFIC	.mm	474
apps/sentinel-desktop/src/MacNativeNotifications.mm	PLATFORM_SPECIFIC	.mm	9714
apps/sentinel-desktop/src/NativeCompanionAdapter.cpp	ACTIVE_PRODUCTION	.cpp	18027
apps/sentinel-desktop/src/QuickPanelController.cpp	ACTIVE_PRODUCTION	.cpp	7494
apps/sentinel-desktop/src/viewmodels/AgentInspectorViewModel.cpp	ACTIVE_PRODUCTION	.cpp	16228
apps/sentinel-desktop/src/viewmodels/ChatViewModel.cpp	ACTIVE_PRODUCTION	.cpp	2668
apps/sentinel-plugin-host/CMakeLists.txt	ACTIVE_PRODUCTION	.txt	708
apps/sentinel-plugin-host/main.cpp	ACTIVE_PRODUCTION	.cpp	19713
cli/Cargo.lock	ACTIVE_PRODUCTION	.lock	22747
cli/Cargo.toml	ACTIVE_PRODUCTION	.toml	455
cli/crates/sentinel-cli/Cargo.toml	ACTIVE_PRODUCTION	.toml	384
cli/crates/sentinel-cli/src/main.rs	ACTIVE_PRODUCTION	.rs	16770
cli/crates/sentinel-cli/tests/commands.rs	TEST	.rs	8611
cli/crates/sentinel-ipc/Cargo.toml	ACTIVE_PRODUCTION	.toml	204
cli/crates/sentinel-ipc/build.rs	ACTIVE_PRODUCTION	.rs	728
cli/crates/sentinel-ipc/src/contract.rs	GENERATED	.rs	14951
cli/crates/sentinel-ipc/src/lib.rs	ACTIVE_PRODUCTION	.rs	18604
cli/crates/sentinel-tui/Cargo.toml	ACTIVE_PRODUCTION	.toml	263
cli/crates/sentinel-tui/src/editor.rs	ACTIVE_PRODUCTION	.rs	5316
cli/crates/sentinel-tui/src/lib.rs	ACTIVE_PRODUCTION	.rs	57219
cli/crates/sentinel-tui/src/picker.rs	ACTIVE_PRODUCTION	.rs	1384
cmake/SentinelCPack.cmake	ACTIVE_PRODUCTION	.cmake	4685
cmake/SentinelCcache.cmake	ACTIVE_PRODUCTION	.cmake	977
cmake/SentinelCompilerFlags.cmake	ACTIVE_PRODUCTION	.cmake	1287
cmake/SentinelDependencies.cmake	ACTIVE_PRODUCTION	.cmake	500
cmake/SentinelPch.cmake	ACTIVE_PRODUCTION	.cmake	661
cmake/SentinelQmlHelpers.cmake	ACTIVE_PRODUCTION	.cmake	665
cmake/SentinelSignPackages.cmake	ACTIVE_PRODUCTION	.cmake	831
cmake/SentinelSigning.cmake	ACTIVE_PRODUCTION	.cmake	4323
core/CMakeLists.txt	ACTIVE_PRODUCTION	.txt	25368
core/include/sentinel/core/AppBuildConfig.h.in	ACTIVE_PRODUCTION	.in	508
core/include/sentinel/core/acp/AcpService.h	ACTIVE_PRODUCTION	.h	876
core/include/sentinel/core/acp/IAcpService.h	ACTIVE_PRODUCTION	.h	850
core/include/sentinel/core/agent/AgentActivityLog.h	ACTIVE_PRODUCTION	.h	2558
core/include/sentinel/core/agent/AgentEvent.h	ACTIVE_PRODUCTION	.h	2954
core/include/sentinel/core/agent/AgentExecutionScheduler.h	ACTIVE_PRODUCTION	.h	1778
core/include/sentinel/core/agent/AgentLoop.h	ACTIVE_PRODUCTION	.h	9691
core/include/sentinel/core/agent/AgentLoopState.h	ACTIVE_PRODUCTION	.h	3132
core/include/sentinel/core/agent/AgentMetadata.h	ACTIVE_PRODUCTION	.h	3240
core/include/sentinel/core/agent/AgentPipelineResult.h	ACTIVE_PRODUCTION	.h	2186
core/include/sentinel/core/agent/AgentRuntime.h	ACTIVE_PRODUCTION	.h	8024
core/include/sentinel/core/agent/AgentRuntimeContext.h	ACTIVE_PRODUCTION	.h	1707
core/include/sentinel/core/agent/AgentRuntimeService.h	ACTIVE_PRODUCTION	.h	4017
core/include/sentinel/core/agent/AgentTaskRuntime.h	ACTIVE_PRODUCTION	.h	20704
core/include/sentinel/core/agent/ClaimGroundingResolver.h	ACTIVE_PRODUCTION	.h	1101
core/include/sentinel/core/agent/ContextEngine.h	ACTIVE_PRODUCTION	.h	1769
core/include/sentinel/core/agent/ControlledAgentTasks.h	ACTIVE_PRODUCTION	.h	5392
core/include/sentinel/core/agent/DynamicAgentRegistry.h	ACTIVE_PRODUCTION	.h	1963
core/include/sentinel/core/agent/IAgentRegistry.h	ACTIVE_PRODUCTION	.h	434
core/include/sentinel/core/agent/IAgentRunStore.h	ACTIVE_PRODUCTION	.h	3661
core/include/sentinel/core/agent/IAgentRuntime.h	ACTIVE_PRODUCTION	.h	4124
core/include/sentinel/core/agent/IAgentStepPlanner.h	ACTIVE_PRODUCTION	.h	2994
core/include/sentinel/core/agent/ISubagentService.h	ACTIVE_PRODUCTION	.h	1425
core/include/sentinel/core/agent/LlmAgentRuntime.h	ACTIVE_PRODUCTION	.h	4607
core/include/sentinel/core/agent/NullAgentRuntime.h	ACTIVE_PRODUCTION	.h	882
core/include/sentinel/core/agent/ObservationEvidence.h	ACTIVE_PRODUCTION	.h	4740
core/include/sentinel/core/agent/ObservationPolicy.h	ACTIVE_PRODUCTION	.h	2374
core/include/sentinel/core/agent/SQLiteAgentRunStore.h	ACTIVE_PRODUCTION	.h	1635
core/include/sentinel/core/agent/StaticAgentRegistry.h	ACTIVE_PRODUCTION	.h	561
core/include/sentinel/core/agent/SubagentPermissionDeriver.h	ACTIVE_PRODUCTION	.h	757
core/include/sentinel/core/agent/SubagentService.h	ACTIVE_PRODUCTION	.h	1238
core/include/sentinel/core/app/AgentInspectorService.h	ACTIVE_PRODUCTION	.h	991
core/include/sentinel/core/app/AppMetadata.h	ACTIVE_PRODUCTION	.h	663
core/include/sentinel/core/app/AppSettings.h	ACTIVE_PRODUCTION	.h	32935
core/include/sentinel/core/app/ApplicationController.h	ACTIVE_PRODUCTION	.h	142706
core/include/sentinel/core/app/ApplicationControllerBuilder.h	ACTIVE_PRODUCTION	.h	7720
core/include/sentinel/core/app/BackupService.h	ACTIVE_PRODUCTION	.h	1270
core/include/sentinel/core/app/CompanionService.h	ACTIVE_PRODUCTION	.h	2677
core/include/sentinel/core/app/ContextAssembly.h	ACTIVE_PRODUCTION	.h	29697
core/include/sentinel/core/app/ControlledTaskService.h	ACTIVE_PRODUCTION	.h	2726
core/include/sentinel/core/app/FileLogger.h	ACTIVE_PRODUCTION	.h	937
core/include/sentinel/core/app/IClock.h	ACTIVE_PRODUCTION	.h	475
core/include/sentinel/core/app/IContextEngine.h	ACTIVE_PRODUCTION	.h	753
core/include/sentinel/core/app/ITaskPlanner.h	ACTIVE_PRODUCTION	.h	460
core/include/sentinel/core/app/LocationServiceMap.h	ACTIVE_PRODUCTION	.h	1079
core/include/sentinel/core/app/ModeManager.h	ACTIVE_PRODUCTION	.h	998
core/include/sentinel/core/app/OnboardingService.h	ACTIVE_PRODUCTION	.h	1539
core/include/sentinel/core/app/OrchestrationDiagnostics.h	ACTIVE_PRODUCTION	.h	2011
core/include/sentinel/core/app/OrchestrationSnapshot.h	ACTIVE_PRODUCTION	.h	2118
core/include/sentinel/core/app/ProductMessages.h	ACTIVE_PRODUCTION	.h	506
core/include/sentinel/core/app/RecoveryService.h	ACTIVE_PRODUCTION	.h	11282
core/include/sentinel/core/app/SettingsService.h	ACTIVE_PRODUCTION	.h	4321
core/include/sentinel/core/app/SkillProfileService.h	ACTIVE_PRODUCTION	.h	1070
core/include/sentinel/core/app/StaticTaskPlanner.h	ACTIVE_PRODUCTION	.h	367
core/include/sentinel/core/app/TaskPlanning.h	ACTIVE_PRODUCTION	.h	2685
core/include/sentinel/core/app/WorkspaceService.h	ACTIVE_PRODUCTION	.h	4798
core/include/sentinel/core/asyncqueue/AsyncQueue.h	ACTIVE_PRODUCTION	.h	858
core/include/sentinel/core/auth/AccountService.h	ACTIVE_PRODUCTION	.h	916
core/include/sentinel/core/auth/AuthService.h	ACTIVE_PRODUCTION	.h	1216
core/include/sentinel/core/auth/IAccountService.h	ACTIVE_PRODUCTION	.h	970
core/include/sentinel/core/auth/IAuthService.h	ACTIVE_PRODUCTION	.h	1288
core/include/sentinel/core/auth/WellKnownAuthService.h	ACTIVE_PRODUCTION	.h	741
core/include/sentinel/core/bom/BomHandler.h	ACTIVE_PRODUCTION	.h	615
core/include/sentinel/core/cache/IPromptCacheService.h	ACTIVE_PRODUCTION	.h	943
core/include/sentinel/core/cache/PromptCacheService.h	ACTIVE_PRODUCTION	.h	1140
core/include/sentinel/core/chat/AudioFileSession.h	ACTIVE_PRODUCTION	.h	6017
core/include/sentinel/core/chat/ChatContentRepresentation.h	ACTIVE_PRODUCTION	.h	577
core/include/sentinel/core/chat/ChatMessage.h	ACTIVE_PRODUCTION	.h	2247
core/include/sentinel/core/chat/ChatModeService.h	ACTIVE_PRODUCTION	.h	2855
core/include/sentinel/core/chat/ChatSession.h	ACTIVE_PRODUCTION	.h	1010
core/include/sentinel/core/chat/ConversationHistoryMetadata.h	ACTIVE_PRODUCTION	.h	10703
core/include/sentinel/core/chat/ConversationSession.h	ACTIVE_PRODUCTION	.h	4039
core/include/sentinel/core/chat/ConversationStateGraph.h	ACTIVE_PRODUCTION	.h	3385
core/include/sentinel/core/chat/IChatHistoryStore.h	ACTIVE_PRODUCTION	.h	1160
core/include/sentinel/core/chat/IConversationStore.h	ACTIVE_PRODUCTION	.h	4983
core/include/sentinel/core/chat/IQuestionService.h	ACTIVE_PRODUCTION	.h	1074
core/include/sentinel/core/chat/InMemoryConversationStore.h	ACTIVE_PRODUCTION	.h	2454
core/include/sentinel/core/chat/LocalEchoProvider.h	ACTIVE_PRODUCTION	.h	573
core/include/sentinel/core/chat/OllamaChatProvider.h	ACTIVE_PRODUCTION	.h	1954
core/include/sentinel/core/chat/QuestionService.h	ACTIVE_PRODUCTION	.h	1075
core/include/sentinel/core/chat/SQLiteChatHistoryStore.h	ACTIVE_PRODUCTION	.h	1619
core/include/sentinel/core/chat/SQLiteConversationStore.h	ACTIVE_PRODUCTION	.h	2991
core/include/sentinel/core/codemode/CodeModeInterpreter.h	ACTIVE_PRODUCTION	.h	866
core/include/sentinel/core/command/CommandService.h	ACTIVE_PRODUCTION	.h	979
core/include/sentinel/core/command/ICommandService.h	ACTIVE_PRODUCTION	.h	1025
core/include/sentinel/core/compaction/StructuredCompactionSummary.h	ACTIVE_PRODUCTION	.h	1366
core/include/sentinel/core/config/ConfigResolver.h	ACTIVE_PRODUCTION	.h	560
core/include/sentinel/core/config/ConfigVariableSubstitutor.h	ACTIVE_PRODUCTION	.h	759
core/include/sentinel/core/config/JsoncParser.h	ACTIVE_PRODUCTION	.h	523
core/include/sentinel/core/config/RuntimeFeatureFlags.h	ACTIVE_PRODUCTION	.h	491
core/include/sentinel/core/copilot/CopilotProvider.h	ACTIVE_PRODUCTION	.h	667
core/include/sentinel/core/doomloop/DoomLoopDetector.h	ACTIVE_PRODUCTION	.h	1172
core/include/sentinel/core/editor/FuzzyEditor.h	ACTIVE_PRODUCTION	.h	2535
core/include/sentinel/core/enterprise/EnterpriseConfigService.h	ACTIVE_PRODUCTION	.h	798
core/include/sentinel/core/enterprise/IEnterpriseConfigService.h	ACTIVE_PRODUCTION	.h	784
core/include/sentinel/core/enterprise/IRemoteConfigService.h	ACTIVE_PRODUCTION	.h	751
core/include/sentinel/core/enterprise/RemoteConfigService.h	ACTIVE_PRODUCTION	.h	854
core/include/sentinel/core/event/DurableEventLog.h	ACTIVE_PRODUCTION	.h	654
core/include/sentinel/core/eventfence/EventSequenceFence.h	ACTIVE_PRODUCTION	.h	637
core/include/sentinel/core/extension/ExtensionService.h	ACTIVE_PRODUCTION	.h	4164
core/include/sentinel/core/flock/FlockFileLock.h	ACTIVE_PRODUCTION	.h	1057
core/include/sentinel/core/ide/IdeIntegrationService.h	ACTIVE_PRODUCTION	.h	815
core/include/sentinel/core/image/ImageProcessor.h	ACTIVE_PRODUCTION	.h	939
core/include/sentinel/core/interfaces/IChatProvider.h	ACTIVE_PRODUCTION	.h	5819
core/include/sentinel/core/interfaces/IMemoryStore.h	ACTIVE_PRODUCTION	.h	1504
core/include/sentinel/core/interfaces/IRetryPolicy.h	ACTIVE_PRODUCTION	.h	1050
core/include/sentinel/core/interfaces/ISettingsStore.h	ACTIVE_PRODUCTION	.h	728
core/include/sentinel/core/interfaces/TransientRetryPolicy.h	ACTIVE_PRODUCTION	.h	789
core/include/sentinel/core/job/BackgroundJobService.h	ACTIVE_PRODUCTION	.h	2096
core/include/sentinel/core/job/IJobService.h	ACTIVE_PRODUCTION	.h	1949
core/include/sentinel/core/lifecycle/IInstanceStateService.h	ACTIVE_PRODUCTION	.h	1116
core/include/sentinel/core/lifecycle/InstanceStateService.h	ACTIVE_PRODUCTION	.h	1023
core/include/sentinel/core/lsp/ILspService.h	ACTIVE_PRODUCTION	.h	2126
core/include/sentinel/core/lsp/LspClient.h	ACTIVE_PRODUCTION	.h	1966
core/include/sentinel/core/lsp/LspService.h	ACTIVE_PRODUCTION	.h	2094
core/include/sentinel/core/mcp/IMcpService.h	ACTIVE_PRODUCTION	.h	4949
core/include/sentinel/core/mcp/McpOAuthService.h	ACTIVE_PRODUCTION	.h	1136
core/include/sentinel/core/mcp/McpService.h	ACTIVE_PRODUCTION	.h	7028
core/include/sentinel/core/mcp/McpToolCatalog.h	ACTIVE_PRODUCTION	.h	716
core/include/sentinel/core/mcp/McpToolProvider.h	ACTIVE_PRODUCTION	.h	783
core/include/sentinel/core/memory/DeferredDisposable.h	ACTIVE_PRODUCTION	.h	1544
core/include/sentinel/core/memory/FtsQuery.h	ACTIVE_PRODUCTION	.h	760
core/include/sentinel/core/memory/IMemoryCatalog.h	ACTIVE_PRODUCTION	.h	479
core/include/sentinel/core/memory/InMemoryMemoryCandidateStore.h	ACTIVE_PRODUCTION	.h	1019
core/include/sentinel/core/memory/InMemorySettingsStore.h	ACTIVE_PRODUCTION	.h	572
core/include/sentinel/core/memory/InMemoryStore.h	ACTIVE_PRODUCTION	.h	771
core/include/sentinel/core/memory/JsonSettingsStore.h	ACTIVE_PRODUCTION	.h	801
core/include/sentinel/core/memory/LazyValue.h	ACTIVE_PRODUCTION	.h	968
core/include/sentinel/core/memory/LocalContext.h	ACTIVE_PRODUCTION	.h	662
core/include/sentinel/core/memory/LocalRagStore.h	ACTIVE_PRODUCTION	.h	1690
core/include/sentinel/core/memory/MemoryCandidate.h	ACTIVE_PRODUCTION	.h	6478
core/include/sentinel/core/memory/MemoryMetadata.h	ACTIVE_PRODUCTION	.h	4429
core/include/sentinel/core/memory/MemoryRecall.h	ACTIVE_PRODUCTION	.h	1730
core/include/sentinel/core/memory/SQLiteMemoryStore.h	ACTIVE_PRODUCTION	.h	1509
core/include/sentinel/core/memory/SemanticRetrieval.h	ACTIVE_PRODUCTION	.h	50930
core/include/sentinel/core/memory/SqlitePragmas.h	ACTIVE_PRODUCTION	.h	433
core/include/sentinel/core/memory/StaticMemoryCatalog.h	ACTIVE_PRODUCTION	.h	555
core/include/sentinel/core/mimetype/MimeSniffer.h	ACTIVE_PRODUCTION	.h	524
core/include/sentinel/core/model/HardwareCapabilityService.h	ACTIVE_PRODUCTION	.h	1103
core/include/sentinel/core/model/HuggingFaceModelSource.h	ACTIVE_PRODUCTION	.h	3538
core/include/sentinel/core/model/IModelRouter.h	ACTIVE_PRODUCTION	.h	1129
core/include/sentinel/core/model/IProviderCatalog.h	ACTIVE_PRODUCTION	.h	378
core/include/sentinel/core/model/ModelLibrary.h	ACTIVE_PRODUCTION	.h	7309
core/include/sentinel/core/model/ModelLifecycleService.h	ACTIVE_PRODUCTION	.h	1040
core/include/sentinel/core/model/ModelManagement.h	ACTIVE_PRODUCTION	.h	2784
core/include/sentinel/core/model/ModelOperationService.h	ACTIVE_PRODUCTION	.h	5495
core/include/sentinel/core/model/ModelRegistry.h	ACTIVE_PRODUCTION	.h	6165
core/include/sentinel/core/model/ModelRouting.h	ACTIVE_PRODUCTION	.h	8319
core/include/sentinel/core/model/ModelService.h	ACTIVE_PRODUCTION	.h	8620
core/include/sentinel/core/model/ModelStorageManager.h	ACTIVE_PRODUCTION	.h	1657
core/include/sentinel/core/model/ProviderCatalog.h	ACTIVE_PRODUCTION	.h	2282
core/include/sentinel/core/model/StaticModelRouter.h	ACTIVE_PRODUCTION	.h	1236
core/include/sentinel/core/model/StaticProviderCatalog.h	ACTIVE_PRODUCTION	.h	677
core/include/sentinel/core/network/NetworkPolicyService.h	ACTIVE_PRODUCTION	.h	2002
core/include/sentinel/core/notification/AttentionService.h	ACTIVE_PRODUCTION	.h	891
core/include/sentinel/core/notification/ClipboardService.h	ACTIVE_PRODUCTION	.h	809
core/include/sentinel/core/notification/ExternalEditorService.h	ACTIVE_PRODUCTION	.h	787
core/include/sentinel/core/notification/IAttentionService.h	ACTIVE_PRODUCTION	.h	903
core/include/sentinel/core/notification/IClipboardService.h	ACTIVE_PRODUCTION	.h	615
core/include/sentinel/core/notification/IExternalEditorService.h	ACTIVE_PRODUCTION	.h	564
core/include/sentinel/core/notification/IShortcutService.h	ACTIVE_PRODUCTION	.h	964
core/include/sentinel/core/notification/IThemeService.h	ACTIVE_PRODUCTION	.h	1020
core/include/sentinel/core/notification/ShortcutService.h	ACTIVE_PRODUCTION	.h	1088
core/include/sentinel/core/notification/ThemeService.h	ACTIVE_PRODUCTION	.h	929
core/include/sentinel/core/observability/HealthService.h	ACTIVE_PRODUCTION	.h	583
core/include/sentinel/core/observability/IObservabilityService.h	ACTIVE_PRODUCTION	.h	2466
core/include/sentinel/core/observability/ObservabilityService.h	ACTIVE_PRODUCTION	.h	2482
core/include/sentinel/core/output/StructuredOutputTool.h	ACTIVE_PRODUCTION	.h	757
core/include/sentinel/core/patch/PatchParser.h	ACTIVE_PRODUCTION	.h	735
core/include/sentinel/core/platform/DefaultPlatformService.h	ACTIVE_PRODUCTION	.h	1050
core/include/sentinel/core/platform/DpapiEncryptedSettingsStore.h	ACTIVE_PRODUCTION	.h	894
core/include/sentinel/core/platform/INotificationService.h	ACTIVE_PRODUCTION	.h	342
core/include/sentinel/core/platform/IPathProvider.h	ACTIVE_PRODUCTION	.h	563
core/include/sentinel/core/platform/IPlatformService.h	ACTIVE_PRODUCTION	.h	333
core/include/sentinel/core/platform/ISystemIntegrationService.h	ACTIVE_PRODUCTION	.h	352
core/include/sentinel/core/platform/StandardPathProvider.h	ACTIVE_PRODUCTION	.h	1153
core/include/sentinel/core/platform/WinCrashHandler.h	ACTIVE_PRODUCTION	.h	432
core/include/sentinel/core/platform/WinProtocolHandler.h	ACTIVE_PRODUCTION	.h	656
core/include/sentinel/core/platform/WinTaskbarIntegration.h	ACTIVE_PRODUCTION	.h	1253
core/include/sentinel/core/plugin/PluginConfigPatcher.h	ACTIVE_PRODUCTION	.h	612
core/include/sentinel/core/plugin/PluginDependencyResolver.h	ACTIVE_PRODUCTION	.h	580
core/include/sentinel/core/plugin/PluginHookRegistry.h	ACTIVE_PRODUCTION	.h	546
core/include/sentinel/core/plugin/PluginHostProtocol.h	ACTIVE_PRODUCTION	.h	952
core/include/sentinel/core/plugin/PluginHostSession.h	ACTIVE_PRODUCTION	.h	3126
core/include/sentinel/core/plugin/PluginHotReloader.h	ACTIVE_PRODUCTION	.h	1542
core/include/sentinel/core/plugin/PluginManager.h	ACTIVE_PRODUCTION	.h	4606
core/include/sentinel/core/plugin/PluginManifest.h	ACTIVE_PRODUCTION	.h	1295
core/include/sentinel/core/plugin/PluginPermissions.h	ACTIVE_PRODUCTION	.h	1538
core/include/sentinel/core/plugin/PluginSandbox.h	ACTIVE_PRODUCTION	.h	1117
core/include/sentinel/core/plugin/PluginState.h	ACTIVE_PRODUCTION	.h	872
core/include/sentinel/core/privacy/PrivacyService.h	ACTIVE_PRODUCTION	.h	5284
core/include/sentinel/core/privacy/RetentionPolicy.h	ACTIVE_PRODUCTION	.h	5470
core/include/sentinel/core/processstream/ProcessStreamCollector.h	ACTIVE_PRODUCTION	.h	675
core/include/sentinel/core/provider/ProviderErrorClassifier.h	ACTIVE_PRODUCTION	.h	970
core/include/sentinel/core/provider/ProviderMessageNormalizer.h	ACTIVE_PRODUCTION	.h	980
core/include/sentinel/core/proxy/ProxyResolver.h	ACTIVE_PRODUCTION	.h	790
core/include/sentinel/core/reference/IReferenceService.h	ACTIVE_PRODUCTION	.h	1174
core/include/sentinel/core/reference/Reference.h	ACTIVE_PRODUCTION	.h	608
core/include/sentinel/core/reference/ReferenceService.h	ACTIVE_PRODUCTION	.h	1680
core/include/sentinel/core/reminder/IReminderService.h	ACTIVE_PRODUCTION	.h	982
core/include/sentinel/core/reminder/ReminderService.h	ACTIVE_PRODUCTION	.h	1041
core/include/sentinel/core/runtime/AlarmStore.h	ACTIVE_PRODUCTION	.h	1023
core/include/sentinel/core/runtime/BuiltInToolProvider.h	ACTIVE_PRODUCTION	.h	456
core/include/sentinel/core/runtime/ExecutionLifecycle.h	ACTIVE_PRODUCTION	.h	8214
core/include/sentinel/core/runtime/FileSystemPatch.h	ACTIVE_PRODUCTION	.h	852
core/include/sentinel/core/runtime/FormatService.h	ACTIVE_PRODUCTION	.h	738
core/include/sentinel/core/runtime/IFileChangeService.h	ACTIVE_PRODUCTION	.h	841
core/include/sentinel/core/runtime/IFileSystemService.h	ACTIVE_PRODUCTION	.h	6529
core/include/sentinel/core/runtime/IFormatService.h	ACTIVE_PRODUCTION	.h	716
core/include/sentinel/core/runtime/IToolExecutor.h	ACTIVE_PRODUCTION	.h	1203
core/include/sentinel/core/runtime/IToolHandler.h	ACTIVE_PRODUCTION	.h	883
core/include/sentinel/core/runtime/IToolHookService.h	ACTIVE_PRODUCTION	.h	985
core/include/sentinel/core/runtime/IToolRegistry.h	ACTIVE_PRODUCTION	.h	1324
core/include/sentinel/core/runtime/InMemoryToolRegistry.h	ACTIVE_PRODUCTION	.h	1173
core/include/sentinel/core/runtime/LocalInference.h	ACTIVE_PRODUCTION	.h	12721
core/include/sentinel/core/runtime/LocalRuntime.h	ACTIVE_PRODUCTION	.h	3259
core/include/sentinel/core/runtime/LocalRuntimeSession.h	ACTIVE_PRODUCTION	.h	3602
core/include/sentinel/core/runtime/NullToolExecutor.h	ACTIVE_PRODUCTION	.h	387
core/include/sentinel/core/runtime/OllamaRuntime.h	ACTIVE_PRODUCTION	.h	13797
core/include/sentinel/core/runtime/ProcessExecutor.h	ACTIVE_PRODUCTION	.h	2590
core/include/sentinel/core/runtime/ProcessSandbox.h	ACTIVE_PRODUCTION	.h	2079
core/include/sentinel/core/runtime/ProviderRequestRuntime.h	ACTIVE_PRODUCTION	.h	1722
core/include/sentinel/core/runtime/RealToolExecutor.h	ACTIVE_PRODUCTION	.h	10401
core/include/sentinel/core/runtime/RuntimeCapabilities.h	ACTIVE_PRODUCTION	.h	3955
core/include/sentinel/core/runtime/RuntimeIntegration.h	ACTIVE_PRODUCTION	.h	7734
core/include/sentinel/core/runtime/RuntimePermissions.h	ACTIVE_PRODUCTION	.h	3444
core/include/sentinel/core/runtime/RuntimePipeline.h	ACTIVE_PRODUCTION	.h	3020
core/include/sentinel/core/runtime/RuntimeProvider.h	ACTIVE_PRODUCTION	.h	4533
core/include/sentinel/core/runtime/RuntimeSafety.h	ACTIVE_PRODUCTION	.h	1603
core/include/sentinel/core/runtime/SecureFileMutationBackend.h	ACTIVE_PRODUCTION	.h	622
core/include/sentinel/core/runtime/ToolApproval.h	ACTIVE_PRODUCTION	.h	1337
core/include/sentinel/core/runtime/ToolArgumentValidator.h	ACTIVE_PRODUCTION	.h	1175
core/include/sentinel/core/runtime/ToolDescriptor.h	ACTIVE_PRODUCTION	.h	3515
core/include/sentinel/core/runtime/ToolExecution.h	ACTIVE_PRODUCTION	.h	5233
core/include/sentinel/core/runtime/ToolExecutionGateway.h	ACTIVE_PRODUCTION	.h	4882
core/include/sentinel/core/runtime/ToolHookService.h	ACTIVE_PRODUCTION	.h	940
core/include/sentinel/core/runtime/ToolInvocationPlan.h	ACTIVE_PRODUCTION	.h	2979
core/include/sentinel/core/runtime/ToolNameValidator.h	ACTIVE_PRODUCTION	.h	364
core/include/sentinel/core/runtime/ToolOutputTruncator.h	ACTIVE_PRODUCTION	.h	902
core/include/sentinel/core/runtime/ToolSandbox.h	ACTIVE_PRODUCTION	.h	1391
core/include/sentinel/core/runtime/tools/HtmlToMarkdown.h	ACTIVE_PRODUCTION	.h	905
core/include/sentinel/core/runtime/tools/WebFetchTool.h	ACTIVE_PRODUCTION	.h	1919
core/include/sentinel/core/runtime/tools/WebSearchTool.h	ACTIVE_PRODUCTION	.h	2266
core/include/sentinel/core/schema/JsonSchemaValidator.h	ACTIVE_PRODUCTION	.h	329
core/include/sentinel/core/schema/ToolJsonSchemaNormalizer.h	ACTIVE_PRODUCTION	.h	892
core/include/sentinel/core/security/AuthorizationResolver.h	ACTIVE_PRODUCTION	.h	859
core/include/sentinel/core/security/CredentialStore.h	ACTIVE_PRODUCTION	.h	6716
core/include/sentinel/core/security/ExternalDirectoryGate.h	ACTIVE_PRODUCTION	.h	1535
core/include/sentinel/core/security/IApprovalPolicy.h	ACTIVE_PRODUCTION	.h	449
core/include/sentinel/core/security/IPermissionGrantStore.h	ACTIVE_PRODUCTION	.h	845
core/include/sentinel/core/security/IPermissionService.h	ACTIVE_PRODUCTION	.h	890
core/include/sentinel/core/security/ISandboxPolicy.h	ACTIVE_PRODUCTION	.h	580
core/include/sentinel/core/security/PathGuard.h	ACTIVE_PRODUCTION	.h	2374
core/include/sentinel/core/security/PermissionPolicyService.h	ACTIVE_PRODUCTION	.h	1705
core/include/sentinel/core/security/PermissionService.h	ACTIVE_PRODUCTION	.h	2089
core/include/sentinel/core/security/PolicyEvaluator.h	ACTIVE_PRODUCTION	.h	329
core/include/sentinel/core/security/ProviderCredentials.h	ACTIVE_PRODUCTION	.h	3647
core/include/sentinel/core/security/ResourceAuthorizationResolver.h	ACTIVE_PRODUCTION	.h	1274
core/include/sentinel/core/security/SQLitePermissionGrantStore.h	ACTIVE_PRODUCTION	.h	659
core/include/sentinel/core/security/StaticApprovalPolicy.h	ACTIVE_PRODUCTION	.h	427
core/include/sentinel/core/security/StaticSandboxPolicy.h	ACTIVE_PRODUCTION	.h	630
core/include/sentinel/core/session/AutoTitleGenerator.h	ACTIVE_PRODUCTION	.h	564
core/include/sentinel/core/session/AutoUpdateService.h	ACTIVE_PRODUCTION	.h	966
core/include/sentinel/core/session/CompactionPrompt.h	ACTIVE_PRODUCTION	.h	2025
core/include/sentinel/core/session/CompactionService.h	ACTIVE_PRODUCTION	.h	2167
core/include/sentinel/core/session/ContextEpoch.h	ACTIVE_PRODUCTION	.h	551
core/include/sentinel/core/session/IAutoUpdateService.h	ACTIVE_PRODUCTION	.h	829
core/include/sentinel/core/session/ICompactionService.h	ACTIVE_PRODUCTION	.h	1390
core/include/sentinel/core/session/IInstructionService.h	ACTIVE_PRODUCTION	.h	829
core/include/sentinel/core/session/IMdnsService.h	ACTIVE_PRODUCTION	.h	658
core/include/sentinel/core/session/IPromptTemplateService.h	ACTIVE_PRODUCTION	.h	833
core/include/sentinel/core/session/ISessionExportService.h	ACTIVE_PRODUCTION	.h	834
core/include/sentinel/core/session/ISessionStatusService.h	ACTIVE_PRODUCTION	.h	767
core/include/sentinel/core/session/IStashService.h	ACTIVE_PRODUCTION	.h	891
core/include/sentinel/core/session/ITodoService.h	ACTIVE_PRODUCTION	.h	1021
core/include/sentinel/core/session/IUsageStatsService.h	ACTIVE_PRODUCTION	.h	1012
core/include/sentinel/core/session/IWorktreeService.h	ACTIVE_PRODUCTION	.h	1761
core/include/sentinel/core/session/InstructionService.h	ACTIVE_PRODUCTION	.h	923
core/include/sentinel/core/session/MdnsServiceImpl.h	ACTIVE_PRODUCTION	.h	898
core/include/sentinel/core/session/PromptTemplateService.h	ACTIVE_PRODUCTION	.h	882
core/include/sentinel/core/session/ProviderPromptTemplates.h	ACTIVE_PRODUCTION	.h	227
core/include/sentinel/core/session/PtyTicketService.h	ACTIVE_PRODUCTION	.h	685
core/include/sentinel/core/session/SessionExportService.h	ACTIVE_PRODUCTION	.h	1005
core/include/sentinel/core/session/SessionIdGenerator.h	ACTIVE_PRODUCTION	.h	507
core/include/sentinel/core/session/SessionInputQueue.h	ACTIVE_PRODUCTION	.h	794
core/include/sentinel/core/session/SessionProjector.h	ACTIVE_PRODUCTION	.h	718
core/include/sentinel/core/session/SessionRunnerState.h	ACTIVE_PRODUCTION	.h	892
core/include/sentinel/core/session/SessionStatusService.h	ACTIVE_PRODUCTION	.h	1043
core/include/sentinel/core/session/StashService.h	ACTIVE_PRODUCTION	.h	946
core/include/sentinel/core/session/TodoService.h	ACTIVE_PRODUCTION	.h	1066
core/include/sentinel/core/session/UsageStatsService.h	ACTIVE_PRODUCTION	.h	857
core/include/sentinel/core/session/WorktreeService.h	ACTIVE_PRODUCTION	.h	1817
core/include/sentinel/core/sharing/ISharingService.h	ACTIVE_PRODUCTION	.h	1352
core/include/sentinel/core/sharing/SharingService.h	ACTIVE_PRODUCTION	.h	1672
core/include/sentinel/core/shell/ShellAnalyzer.h	ACTIVE_PRODUCTION	.h	1149
core/include/sentinel/core/skill/ISkillService.h	ACTIVE_PRODUCTION	.h	1081
core/include/sentinel/core/skill/Skill.h	ACTIVE_PRODUCTION	.h	1148
core/include/sentinel/core/skill/SkillService.h	ACTIVE_PRODUCTION	.h	2595
core/include/sentinel/core/snapshot/DiffViewerService.h	ACTIVE_PRODUCTION	.h	858
core/include/sentinel/core/snapshot/IDiffViewerService.h	ACTIVE_PRODUCTION	.h	1245
core/include/sentinel/core/snapshot/ISnapshotService.h	ACTIVE_PRODUCTION	.h	1811
core/include/sentinel/core/snapshot/SnapshotService.h	ACTIVE_PRODUCTION	.h	2357
core/include/sentinel/core/state/ScopedTransform.h	ACTIVE_PRODUCTION	.h	2087
core/include/sentinel/core/surrogate/SurrogateSanitizer.h	ACTIVE_PRODUCTION	.h	551
core/include/sentinel/core/sync/KeyedMutex.h	ACTIVE_PRODUCTION	.h	2304
core/include/sentinel/core/util/Base64Url.h	ACTIVE_PRODUCTION	.h	476
core/include/sentinel/core/util/FnvHash.h	ACTIVE_PRODUCTION	.h	1332
core/include/sentinel/core/util/Lazy.h	ACTIVE_PRODUCTION	.h	1588
core/include/sentinel/core/util/MemoMap.h	ACTIVE_PRODUCTION	.h	2231
core/include/sentinel/core/util/SampledChecksum.h	ACTIVE_PRODUCTION	.h	2134
core/include/sentinel/core/util/TokenEstimator.h	ACTIVE_PRODUCTION	.h	759
core/include/sentinel/core/voice/PiperTts.h	ACTIVE_PRODUCTION	.h	9735
core/include/sentinel/core/voice/SpeechAssetCatalogAdapter.h	ACTIVE_PRODUCTION	.h	817
core/include/sentinel/core/voice/UnifiedAudioService.h	ACTIVE_PRODUCTION	.h	12615
core/include/sentinel/core/voice/Voice.h	ACTIVE_PRODUCTION	.h	21383
core/include/sentinel/core/voice/WhisperTranscription.h	ACTIVE_PRODUCTION	.h	7603
core/include/sentinel/core/webui/IWebUiService.h	ACTIVE_PRODUCTION	.h	860
core/include/sentinel/core/webui/WebUiService.h	ACTIVE_PRODUCTION	.h	970
core/include/sentinel/core/wildcard/WildcardMatcher.h	ACTIVE_PRODUCTION	.h	597
core/src/acp/AcpService.cpp	ACTIVE_PRODUCTION	.cpp	975
core/src/agent/AgentActivityLog.cpp	ACTIVE_PRODUCTION	.cpp	989
core/src/agent/AgentExecutionScheduler.cpp	ACTIVE_PRODUCTION	.cpp	7055
core/src/agent/AgentLoop.cpp	ACTIVE_PRODUCTION	.cpp	68288
core/src/agent/AgentRuntime.cpp	ACTIVE_PRODUCTION	.cpp	59018
core/src/agent/AgentRuntimeContext.cpp	ACTIVE_PRODUCTION	.cpp	1401
core/src/agent/AgentRuntimeService.cpp	ACTIVE_PRODUCTION	.cpp	16820
core/src/agent/AgentTaskRuntime.cpp	ACTIVE_PRODUCTION	.cpp	58914
core/src/agent/ClaimGroundingResolver.cpp	ACTIVE_PRODUCTION	.cpp	23850
core/src/agent/ContextEngine.cpp	ACTIVE_PRODUCTION	.cpp	12781
core/src/agent/ControlledAgentTasks.cpp	ACTIVE_PRODUCTION	.cpp	33281
core/src/agent/DynamicAgentRegistry.cpp	ACTIVE_PRODUCTION	.cpp	10026
core/src/agent/LlmAgentRuntime.cpp	ACTIVE_PRODUCTION	.cpp	36441
core/src/agent/NullAgentRuntime.cpp	ACTIVE_PRODUCTION	.cpp	4117
core/src/agent/ObservationPolicy.cpp	ACTIVE_PRODUCTION	.cpp	27429
core/src/agent/SQLiteAgentRunStore.cpp	ACTIVE_PRODUCTION	.cpp	47425
core/src/agent/StaticAgentRegistry.cpp	ACTIVE_PRODUCTION	.cpp	4227
core/src/agent/SubagentPermissionDeriver.cpp	ACTIVE_PRODUCTION	.cpp	1090
core/src/agent/SubagentService.cpp	ACTIVE_PRODUCTION	.cpp	2198
core/src/app/AgentInspectorService.cpp	ACTIVE_PRODUCTION	.cpp	1469
core/src/app/AppMetadata.cpp	ACTIVE_PRODUCTION	.cpp	1805
core/src/app/AppSettings.cpp	ACTIVE_PRODUCTION	.cpp	82292
core/src/app/ApplicationController.cpp	ACTIVE_PRODUCTION	.cpp	459748
core/src/app/ApplicationControllerBuilder.cpp	ACTIVE_PRODUCTION	.cpp	14022
core/src/app/BackupService.cpp	ACTIVE_PRODUCTION	.cpp	24908
core/src/app/CompanionService.cpp	ACTIVE_PRODUCTION	.cpp	10988
core/src/app/ContextAssembly.cpp	ACTIVE_PRODUCTION	.cpp	104614
core/src/app/ControlledTaskService.cpp	ACTIVE_PRODUCTION	.cpp	13870
core/src/app/FileLogger.cpp	ACTIVE_PRODUCTION	.cpp	4724
core/src/app/IClock.cpp	ACTIVE_PRODUCTION	.cpp	298
core/src/app/IContextEngine.cpp	ACTIVE_PRODUCTION	.cpp	1044
core/src/app/ModeManager.cpp	ACTIVE_PRODUCTION	.cpp	1249
core/src/app/OnboardingService.cpp	ACTIVE_PRODUCTION	.cpp	8107
core/src/app/OrchestrationDiagnostics.cpp	ACTIVE_PRODUCTION	.cpp	11557
core/src/app/ProductMessages.cpp	ACTIVE_PRODUCTION	.cpp	2675
core/src/app/SettingsService.cpp	ACTIVE_PRODUCTION	.cpp	42957
core/src/app/SkillProfileService.cpp	ACTIVE_PRODUCTION	.cpp	8127
core/src/app/StaticTaskPlanner.cpp	ACTIVE_PRODUCTION	.cpp	10942
core/src/app/WorkspaceService.cpp	ACTIVE_PRODUCTION	.cpp	34951
core/src/asyncqueue/AsyncQueue.cpp	ACTIVE_PRODUCTION	.cpp	1420
core/src/auth/AccountService.cpp	ACTIVE_PRODUCTION	.cpp	932
core/src/auth/AuthService.cpp	ACTIVE_PRODUCTION	.cpp	4946
core/src/auth/WellKnownAuthService.cpp	ACTIVE_PRODUCTION	.cpp	1114
core/src/bom/BomHandler.cpp	ACTIVE_PRODUCTION	.cpp	2582
core/src/cache/PromptCacheService.cpp	ACTIVE_PRODUCTION	.cpp	2215
core/src/chat/AudioFileSession.cpp	ACTIVE_PRODUCTION	.cpp	17501
core/src/chat/ChatContentRepresentation.cpp	ACTIVE_PRODUCTION	.cpp	3039
core/src/chat/ChatModeService.cpp	ACTIVE_PRODUCTION	.cpp	18614
core/src/chat/ChatSession.cpp	ACTIVE_PRODUCTION	.cpp	1650
core/src/chat/ConversationSession.cpp	ACTIVE_PRODUCTION	.cpp	2320
core/src/chat/ConversationStateGraph.cpp	ACTIVE_PRODUCTION	.cpp	3263
core/src/chat/InMemoryConversationStore.cpp	ACTIVE_PRODUCTION	.cpp	14562
core/src/chat/LocalEchoProvider.cpp	ACTIVE_PRODUCTION	.cpp	771
core/src/chat/OllamaChatProvider.cpp	ACTIVE_PRODUCTION	.cpp	11235
core/src/chat/QuestionService.cpp	ACTIVE_PRODUCTION	.cpp	1566
core/src/chat/SQLiteChatHistoryStore.cpp	ACTIVE_PRODUCTION	.cpp	21610
core/src/chat/SQLiteConversationStore.cpp	ACTIVE_PRODUCTION	.cpp	38385
core/src/codemode/CodeModeInterpreter.cpp	ACTIVE_PRODUCTION	.cpp	3390
core/src/command/CommandService.cpp	ACTIVE_PRODUCTION	.cpp	1613
core/src/compaction/StructuredCompactionSummary.cpp	ACTIVE_PRODUCTION	.cpp	6270
core/src/config/ConfigResolver.cpp	ACTIVE_PRODUCTION	.cpp	2467
core/src/config/ConfigVariableSubstitutor.cpp	ACTIVE_PRODUCTION	.cpp	3146
core/src/config/JsoncParser.cpp	ACTIVE_PRODUCTION	.cpp	1515
core/src/config/RuntimeFeatureFlags.cpp	ACTIVE_PRODUCTION	.cpp	1254
core/src/copilot/CopilotProvider.cpp	ACTIVE_PRODUCTION	.cpp	741
core/src/doomloop/DoomLoopDetector.cpp	ACTIVE_PRODUCTION	.cpp	2686
core/src/editor/FuzzyEditor.cpp	ACTIVE_PRODUCTION	.cpp	11248
core/src/enterprise/EnterpriseConfigService.cpp	ACTIVE_PRODUCTION	.cpp	986
core/src/enterprise/RemoteConfigService.cpp	ACTIVE_PRODUCTION	.cpp	1035
core/src/event/DurableEventLog.cpp	ACTIVE_PRODUCTION	.cpp	2268
core/src/eventfence/EventSequenceFence.cpp	ACTIVE_PRODUCTION	.cpp	831
core/src/extension/ExtensionService.cpp	ACTIVE_PRODUCTION	.cpp	23035
core/src/flock/FlockFileLock.cpp	ACTIVE_PRODUCTION	.cpp	3641
core/src/ide/IdeIntegrationService.cpp	ACTIVE_PRODUCTION	.cpp	2881
core/src/image/ImageProcessor.cpp	ACTIVE_PRODUCTION	.cpp	1989
core/src/interfaces/RetryPolicy.cpp	ACTIVE_PRODUCTION	.cpp	2917
core/src/interfaces/TransientRetryPolicy.cpp	ACTIVE_PRODUCTION	.cpp	1366
core/src/job/BackgroundJobService.cpp	ACTIVE_PRODUCTION	.cpp	9930
core/src/lifecycle/InstanceStateService.cpp	ACTIVE_PRODUCTION	.cpp	1932
core/src/lsp/LspClient.cpp	ACTIVE_PRODUCTION	.cpp	8117
core/src/lsp/LspService.cpp	ACTIVE_PRODUCTION	.cpp	11545
core/src/mcp/McpOAuthService.cpp	ACTIVE_PRODUCTION	.cpp	1639
core/src/mcp/McpService.cpp	ACTIVE_PRODUCTION	.cpp	85200
core/src/mcp/McpToolCatalog.cpp	ACTIVE_PRODUCTION	.cpp	4664
core/src/mcp/McpToolProvider.cpp	ACTIVE_PRODUCTION	.cpp	16289
core/src/memory/InMemoryMemoryCandidateStore.cpp	ACTIVE_PRODUCTION	.cpp	6753
core/src/memory/InMemorySettingsStore.cpp	ACTIVE_PRODUCTION	.cpp	558
core/src/memory/InMemoryStore.cpp	ACTIVE_PRODUCTION	.cpp	1558
core/src/memory/JsonSettingsStore.cpp	ACTIVE_PRODUCTION	.cpp	3333
core/src/memory/LocalContext.cpp	ACTIVE_PRODUCTION	.cpp	831
core/src/memory/LocalRagStore.cpp	ACTIVE_PRODUCTION	.cpp	10660
core/src/memory/MemoryCandidate.cpp	ACTIVE_PRODUCTION	.cpp	12184
core/src/memory/MemoryRecall.cpp	ACTIVE_PRODUCTION	.cpp	5061
core/src/memory/SQLiteMemoryStore.cpp	ACTIVE_PRODUCTION	.cpp	15414
core/src/memory/SemanticRetrieval.cpp	ACTIVE_PRODUCTION	.cpp	157826
core/src/memory/SqlitePragmas.cpp	ACTIVE_PRODUCTION	.cpp	895
core/src/memory/StaticMemoryCatalog.cpp	ACTIVE_PRODUCTION	.cpp	4927
core/src/mimetype/MimeSniffer.cpp	ACTIVE_PRODUCTION	.cpp	2599
core/src/model/HardwareCapabilityService.cpp	ACTIVE_PRODUCTION	.cpp	2977
core/src/model/HuggingFaceModelSource.cpp	ACTIVE_PRODUCTION	.cpp	27303
core/src/model/ModelLibrary.cpp	ACTIVE_PRODUCTION	.cpp	33112
core/src/model/ModelLifecycleService.cpp	ACTIVE_PRODUCTION	.cpp	2310
core/src/model/ModelManagement.cpp	ACTIVE_PRODUCTION	.cpp	7091
core/src/model/ModelOperationService.cpp	ACTIVE_PRODUCTION	.cpp	60588
core/src/model/ModelRegistry.cpp	ACTIVE_PRODUCTION	.cpp	27966
core/src/model/ModelService.cpp	ACTIVE_PRODUCTION	.cpp	79646
core/src/model/ModelStorageManager.cpp	ACTIVE_PRODUCTION	.cpp	9281
core/src/model/StaticModelRouter.cpp	ACTIVE_PRODUCTION	.cpp	5397
core/src/model/StaticProviderCatalog.cpp	ACTIVE_PRODUCTION	.cpp	8198
core/src/notification/AttentionService.cpp	ACTIVE_PRODUCTION	.cpp	1799
core/src/notification/ClipboardService.cpp	ACTIVE_PRODUCTION	.cpp	1048
core/src/notification/ExternalEditorService.cpp	ACTIVE_PRODUCTION	.cpp	1819
core/src/notification/ShortcutService.cpp	ACTIVE_PRODUCTION	.cpp	1692
core/src/notification/ThemeService.cpp	ACTIVE_PRODUCTION	.cpp	1849
core/src/observability/HealthService.cpp	ACTIVE_PRODUCTION	.cpp	1160
core/src/observability/ObservabilityService.cpp	ACTIVE_PRODUCTION	.cpp	9859
core/src/output/StructuredOutputTool.cpp	ACTIVE_PRODUCTION	.cpp	1451
core/src/patch/PatchParser.cpp	ACTIVE_PRODUCTION	.cpp	2989
core/src/platform/DefaultPlatformService.cpp	ACTIVE_PRODUCTION	.cpp	837
core/src/platform/DpapiEncryptedSettingsStore.cpp	ACTIVE_PRODUCTION	.cpp	7913
core/src/platform/StandardPathProvider.cpp	ACTIVE_PRODUCTION	.cpp	5310
core/src/platform/WinCrashHandler.cpp	ACTIVE_PRODUCTION	.cpp	2725
core/src/platform/WinProtocolHandler.cpp	ACTIVE_PRODUCTION	.cpp	5910
core/src/platform/WinTaskbarIntegration.cpp	ACTIVE_PRODUCTION	.cpp	12707
core/src/plugin/PluginConfigPatcher.cpp	ACTIVE_PRODUCTION	.cpp	1352
core/src/plugin/PluginDependencyResolver.cpp	ACTIVE_PRODUCTION	.cpp	2890
core/src/plugin/PluginHookRegistry.cpp	ACTIVE_PRODUCTION	.cpp	732
core/src/plugin/PluginHostSession.cpp	ACTIVE_PRODUCTION	.cpp	15175
core/src/plugin/PluginHotReloader.cpp	ACTIVE_PRODUCTION	.cpp	6923
core/src/plugin/PluginManager.cpp	ACTIVE_PRODUCTION	.cpp	72527
core/src/plugin/PluginManifest.cpp	ACTIVE_PRODUCTION	.cpp	13282
core/src/plugin/PluginPermissions.cpp	ACTIVE_PRODUCTION	.cpp	1486
core/src/plugin/PluginSandbox.cpp	ACTIVE_PRODUCTION	.cpp	2623
core/src/processstream/ProcessStreamCollector.cpp	ACTIVE_PRODUCTION	.cpp	1005
core/src/provider/ProviderErrorClassifier.cpp	ACTIVE_PRODUCTION	.cpp	3846
core/src/provider/ProviderMessageNormalizer.cpp	ACTIVE_PRODUCTION	.cpp	2193
core/src/proxy/ProxyResolver.cpp	ACTIVE_PRODUCTION	.cpp	1660
core/src/reference/ReferenceService.cpp	ACTIVE_PRODUCTION	.cpp	6551
core/src/reminder/ReminderService.cpp	ACTIVE_PRODUCTION	.cpp	2080
core/src/runtime/AlarmStore.cpp	ACTIVE_PRODUCTION	.cpp	3952
core/src/runtime/BuiltInToolProvider.cpp	ACTIVE_PRODUCTION	.cpp	60460
core/src/runtime/ExecutionLifecycle.cpp	ACTIVE_PRODUCTION	.cpp	7165
core/src/runtime/FileSystemPatch.cpp	ACTIVE_PRODUCTION	.cpp	14742
core/src/runtime/FormatService.cpp	ACTIVE_PRODUCTION	.cpp	1018
core/src/runtime/InMemoryToolRegistry.cpp	ACTIVE_PRODUCTION	.cpp	5662
core/src/runtime/LocalInference.cpp	ACTIVE_PRODUCTION	.cpp	89130
core/src/runtime/LocalRuntime.cpp	ACTIVE_PRODUCTION	.cpp	5862
core/src/runtime/LocalRuntimeSession.cpp	ACTIVE_PRODUCTION	.cpp	5261
core/src/runtime/NullToolExecutor.cpp	ACTIVE_PRODUCTION	.cpp	1582
core/src/runtime/OllamaRuntime.cpp	ACTIVE_PRODUCTION	.cpp	67925
core/src/runtime/ProcessExecutor.cpp	ACTIVE_PRODUCTION	.cpp	26284
core/src/runtime/ProcessSandbox.cpp	ACTIVE_PRODUCTION	.cpp	16774
core/src/runtime/ProviderRequestRuntime.cpp	ACTIVE_PRODUCTION	.cpp	6129
core/src/runtime/QtFileSystemService.cpp	ACTIVE_PRODUCTION	.cpp	31036
core/src/runtime/RealToolExecutor.cpp	ACTIVE_PRODUCTION	.cpp	129096
core/src/runtime/RuntimeCapabilities.cpp	ACTIVE_PRODUCTION	.cpp	11077
core/src/runtime/RuntimeIntegration.cpp	ACTIVE_PRODUCTION	.cpp	11159
core/src/runtime/RuntimePermissions.cpp	ACTIVE_PRODUCTION	.cpp	2277
core/src/runtime/RuntimePipeline.cpp	ACTIVE_PRODUCTION	.cpp	3501
core/src/runtime/RuntimeProvider.cpp	ACTIVE_PRODUCTION	.cpp	14985
core/src/runtime/RuntimeSafety.cpp	ACTIVE_PRODUCTION	.cpp	2558
core/src/runtime/SecureFileMutationBackend.cpp	ACTIVE_PRODUCTION	.cpp	11827
core/src/runtime/ToolArgumentValidator.cpp	ACTIVE_PRODUCTION	.cpp	17011
core/src/runtime/ToolExecutionGateway.cpp	ACTIVE_PRODUCTION	.cpp	36938
core/src/runtime/ToolHookService.cpp	ACTIVE_PRODUCTION	.cpp	1305
core/src/runtime/ToolOutputTruncator.cpp	ACTIVE_PRODUCTION	.cpp	3380
core/src/runtime/WindowsProcessSandbox.h	PLATFORM_SPECIFIC	.h	604
core/src/runtime/WindowsSecureFileMutationBackend.cpp	PLATFORM_SPECIFIC	.cpp	17540
core/src/runtime/tools/HtmlToMarkdown.cpp	ACTIVE_PRODUCTION	.cpp	8616
core/src/runtime/tools/WebFetchTool.cpp	ACTIVE_PRODUCTION	.cpp	6107
core/src/runtime/tools/WebSearchTool.cpp	ACTIVE_PRODUCTION	.cpp	12772
core/src/schema/JsonSchemaValidator.cpp	ACTIVE_PRODUCTION	.cpp	1789
core/src/schema/ToolJsonSchemaNormalizer.cpp	ACTIVE_PRODUCTION	.cpp	2674
core/src/security/AuthorizationResolver.cpp	ACTIVE_PRODUCTION	.cpp	6904
core/src/security/CredentialStore.cpp	ACTIVE_PRODUCTION	.cpp	42498
core/src/security/ExternalDirectoryGate.cpp	ACTIVE_PRODUCTION	.cpp	3585
core/src/security/PermissionPolicyService.cpp	ACTIVE_PRODUCTION	.cpp	8816
core/src/security/PermissionService.cpp	ACTIVE_PRODUCTION	.cpp	8356
core/src/security/PolicyEvaluator.cpp	ACTIVE_PRODUCTION	.cpp	995
core/src/security/ProviderCredentials.cpp	ACTIVE_PRODUCTION	.cpp	12351
core/src/security/ResourceAuthorizationResolver.cpp	ACTIVE_PRODUCTION	.cpp	8077
core/src/security/SQLitePermissionGrantStore.cpp	ACTIVE_PRODUCTION	.cpp	7609
core/src/security/StaticApprovalPolicy.cpp	ACTIVE_PRODUCTION	.cpp	1366
core/src/security/StaticSandboxPolicy.cpp	ACTIVE_PRODUCTION	.cpp	3267
core/src/session/AutoTitleGenerator.cpp	ACTIVE_PRODUCTION	.cpp	2460
core/src/session/AutoUpdateService.cpp	ACTIVE_PRODUCTION	.cpp	4756
core/src/session/CompactionPrompt.cpp	ACTIVE_PRODUCTION	.cpp	3428
core/src/session/CompactionService.cpp	ACTIVE_PRODUCTION	.cpp	7304
core/src/session/InstructionService.cpp	ACTIVE_PRODUCTION	.cpp	2661
core/src/session/MdnsServiceImpl.cpp	ACTIVE_PRODUCTION	.cpp	3182
core/src/session/PromptTemplateService.cpp	ACTIVE_PRODUCTION	.cpp	2156
core/src/session/ProviderPromptTemplates.cpp	ACTIVE_PRODUCTION	.cpp	1026
core/src/session/PtyTicketService.cpp	ACTIVE_PRODUCTION	.cpp	1211
core/src/session/SessionExportService.cpp	ACTIVE_PRODUCTION	.cpp	4821
core/src/session/SessionIdGenerator.cpp	ACTIVE_PRODUCTION	.cpp	949
core/src/session/SessionStatusService.cpp	ACTIVE_PRODUCTION	.cpp	1527
core/src/session/StashService.cpp	ACTIVE_PRODUCTION	.cpp	1956
core/src/session/TodoService.cpp	ACTIVE_PRODUCTION	.cpp	1983
core/src/session/UsageStatsService.cpp	ACTIVE_PRODUCTION	.cpp	1738
core/src/session/WorktreeService.cpp	ACTIVE_PRODUCTION	.cpp	11109
core/src/sharing/SharingService.cpp	ACTIVE_PRODUCTION	.cpp	8626
core/src/shell/ShellAnalyzer.cpp	ACTIVE_PRODUCTION	.cpp	3364
core/src/skill/SkillService.cpp	ACTIVE_PRODUCTION	.cpp	24998
core/src/snapshot/DiffViewerService.cpp	ACTIVE_PRODUCTION	.cpp	3042
core/src/snapshot/SnapshotService.cpp	ACTIVE_PRODUCTION	.cpp	11055
core/src/surrogate/SurrogateSanitizer.cpp	ACTIVE_PRODUCTION	.cpp	1604
core/src/voice/PiperTts.cpp	ACTIVE_PRODUCTION	.cpp	33245
core/src/voice/SpeechAssetCatalogAdapter.cpp	ACTIVE_PRODUCTION	.cpp	2640
core/src/voice/UnifiedAudioService.cpp	ACTIVE_PRODUCTION	.cpp	63263
core/src/voice/Voice.cpp	ACTIVE_PRODUCTION	.cpp	56332
core/src/voice/WhisperTranscription.cpp	ACTIVE_PRODUCTION	.cpp	24585
core/src/webui/WebUiService.cpp	ACTIVE_PRODUCTION	.cpp	977
core/src/wildcard/WildcardMatcher.cpp	ACTIVE_PRODUCTION	.cpp	1316
docs/README.md	ACTIVE_PRODUCTION	.md	1682
docs/ROADMAP.md	ACTIVE_PRODUCTION	.md	1242
docs/capabilities/MCP.md	ACTIVE_PRODUCTION	.md	905
docs/capabilities/MODELS.md	ACTIVE_PRODUCTION	.md	665
docs/capabilities/PLUGINS.md	ACTIVE_PRODUCTION	.md	989
docs/capabilities/PROVIDERS.md	ACTIVE_PRODUCTION	.md	721
docs/capabilities/TOOLS.md	ACTIVE_PRODUCTION	.md	1017
docs/concepts/AGENT_RUNTIME.md	ACTIVE_PRODUCTION	.md	1457
docs/concepts/CONTEXT.md	ACTIVE_PRODUCTION	.md	750
docs/concepts/MEMORY.md	ACTIVE_PRODUCTION	.md	755
docs/concepts/SESSIONS.md	ACTIVE_PRODUCTION	.md	618
docs/decisions/ADR-0001-qt-qml-desktop.md	ACTIVE_PRODUCTION	.md	392
docs/decisions/ADR-0002-separate-persistence-domains.md	ACTIVE_PRODUCTION	.md	431
docs/decisions/ADR-0003-provider-model-routing.md	ACTIVE_PRODUCTION	.md	429
docs/decisions/ADR-0004-tool-execution-gateway.md	ACTIVE_PRODUCTION	.md	421
docs/decisions/README.md	ACTIVE_PRODUCTION	.md	500
docs/development/ADDING_A_PLUGIN.md	ACTIVE_PRODUCTION	.md	568
docs/development/ADDING_A_PROVIDER.md	ACTIVE_PRODUCTION	.md	628
docs/development/ADDING_A_TOOL.md	ACTIVE_PRODUCTION	.md	775
docs/development/ARCHITECTURE.md	ACTIVE_PRODUCTION	.md	2506
docs/development/AUDIO_PERSISTENCE_STARTUP_CERTIFICATION.md	HISTORICAL	.md	17674
docs/development/BRAND_ASSET_INTEGRATION_REPORT.md	HISTORICAL	.md	21256
docs/development/BUILDING.md	ACTIVE_PRODUCTION	.md	1654
docs/development/CROSS_PROVIDER_RESIDUAL_CLOSURE.md	HISTORICAL	.md	9868
docs/development/CROSS_PROVIDER_RUNTIME_CERTIFICATION.md	HISTORICAL	.md	13812
docs/development/DAEMON.md	ACTIVE_PRODUCTION	.md	3807
docs/development/DEFERRED_QML_WARNINGS.md	ACTIVE_PRODUCTION	.md	12078
docs/development/DEFERRED_TECHNICAL_CLEANUP_REPORT.md	HISTORICAL	.md	18405
docs/development/FINAL_CURRENT_HOST_BASELINE_REPORT.md	HISTORICAL	.md	20699
docs/development/LEGACY_BRANDING_INVENTORY.md	HISTORICAL	.md	25968
docs/development/LEGACY_BRANDING_PURGE_REPORT.md	HISTORICAL	.md	16140
docs/development/MCP_RUNTIME_CERTIFICATION.md	HISTORICAL	.md	11072
docs/development/PHASE2_DAEMON_IPC_CLI_TUI_REPORT.md	HISTORICAL	.md	37636
docs/development/PHASE3_DESKTOP_IPC_MIGRATION_REPORT.md	HISTORICAL	.md	33746
docs/development/PHASE4_QUICK_PANEL_NATIVE_INTEGRATION_REPORT.md	HISTORICAL	.md	31557
docs/development/PLUGIN_SKILL_EXTENSION_RUNTIME_CERTIFICATION.md	HISTORICAL	.md	15082
docs/development/PLUGIN_SKILL_RESIDUAL_CLOSURE.md	HISTORICAL	.md	13400
docs/development/SETTINGS_ONBOARDING_RECOVERY_CERTIFICATION.md	HISTORICAL	.md	11714
docs/development/TERMINAL_EXPERIENCE_REPORT.md	HISTORICAL	.md	12398
docs/development/TESTING.md	ACTIVE_PRODUCTION	.md	680
docs/getting-started/CONFIGURATION.md	ACTIVE_PRODUCTION	.md	757
docs/getting-started/INSTALLATION.md	ACTIVE_PRODUCTION	.md	834
docs/getting-started/QUICKSTART.md	ACTIVE_PRODUCTION	.md	623
docs/interfaces/CLI.md	ACTIVE_PRODUCTION	.md	1688
docs/interfaces/DESKTOP.md	ACTIVE_PRODUCTION	.md	1049
docs/interfaces/IPC.md	ACTIVE_PRODUCTION	.md	11187
docs/reference/BRANDING.md	ACTIVE_PRODUCTION	.md	6188
docs/reference/CLI_REFERENCE.md	ACTIVE_PRODUCTION	.md	887
docs/reference/CONFIGURATION_REFERENCE.md	ACTIVE_PRODUCTION	.md	1585
docs/reference/DATA_LOCATIONS.md	ACTIVE_PRODUCTION	.md	1131
docs/release/PACKAGING.md	ACTIVE_PRODUCTION	.md	806
docs/release/RELEASE_PROCESS.md	ACTIVE_PRODUCTION	.md	878
docs/security/PERMISSIONS.md	ACTIVE_PRODUCTION	.md	1361
docs/security/SANDBOX.md	ACTIVE_PRODUCTION	.md	1307
docs/security/SECRETS.md	ACTIVE_PRODUCTION	.md	752
docs/security/SECURITY_MODEL.md	ACTIVE_PRODUCTION	.md	1093
docs/security/THREAT_MODEL.md	ACTIVE_PRODUCTION	.md	1501
docs/user/CLI.md	ACTIVE_PRODUCTION	.md	8005
docs/user/TUI.md	ACTIVE_PRODUCTION	.md	6746
integrations/README.md	ACTIVE_PRODUCTION	.md	625
packaging/README.md	ACTIVE_PRODUCTION	.md	994
packaging/linux/dbus/dev.sentinel.Sentinel.service	PLATFORM_SPECIFIC	.service	114
packaging/linux/dev.sentinel.Sentinel.desktop	PLATFORM_SPECIFIC	.desktop	530
packaging/linux/dev.sentinel.Sentinel.metainfo.xml	PLATFORM_SPECIFIC	.xml	1661
packaging/linux/etc/sentinel/config.json.template	PLATFORM_SPECIFIC	.template	439
packaging/linux/fedora-kde/build_copr.sh	PLATFORM_SPECIFIC	.sh	3013
packaging/linux/fedora-kde/dev.sentinel.Sentinel.metainfo.xml	PLATFORM_SPECIFIC	.xml	1661
packaging/linux/fedora-kde/sentinel-desktop.spec	PLATFORM_SPECIFIC	.spec	3578
packaging/linux/flatpak/build_flatpak.sh	PLATFORM_SPECIFIC	.sh	1908
packaging/linux/flatpak/dev.sentinel.Sentinel.json	PLATFORM_SPECIFIC	.json	1023
packaging/linux/flatpak/dev.sentinel.Sentinel.yaml	PLATFORM_SPECIFIC	.yaml	821
packaging/linux/flatpak/org.sentinel.Sentinel.yml	PLATFORM_SPECIFIC	.yml	821
packaging/linux/rpm/sentinel-desktop.spec	PLATFORM_SPECIFIC	.spec	3356
packaging/linux/snap/snapcraft.yaml	PLATFORM_SPECIFIC	.yaml	1214
packaging/linux/systemd/sentinel-desktop.service	PLATFORM_SPECIFIC	.service	262
packaging/macos/Cask/sentinel.rb	PLATFORM_SPECIFIC	.rb	899
packaging/macos/appcast.xml	PLATFORM_SPECIFIC	.xml	1167
packaging/macos/bundle/Info.plist.in	PLATFORM_SPECIFIC	.in	3817
packaging/macos/bundle/PrivacyInfo.xcprivacy	PLATFORM_SPECIFIC	.xcprivacy	1263
packaging/macos/bundle/Sentinel.sdef	PLATFORM_SPECIFIC	.sdef	1251
packaging/macos/bundle/en.lproj/InfoPlist.strings	PLATFORM_SPECIFIC	.strings	515
packaging/macos/bundle/sentinel.entitlements	PLATFORM_SPECIFIC	.entitlements	703
packaging/macos/bundle/tr.lproj/InfoPlist.strings	PLATFORM_SPECIFIC	.strings	579
packaging/macos/run_macos_tests.sh	PLATFORM_SPECIFIC	.sh	2235
packaging/macos/uninstall.sh	PLATFORM_SPECIFIC	.sh	1147
packaging/release-qa.sh	ACTIVE_PRODUCTION	.sh	924
packaging/windows/Install-Silent.ps1	PLATFORM_SPECIFIC	.ps1	668
packaging/windows/Sign-Installer.ps1	PLATFORM_SPECIFIC	.ps1	3881
packaging/windows/Uninstall-Silent.ps1	PLATFORM_SPECIFIC	.ps1	732
packaging/windows/installer/license.rtf	PLATFORM_SPECIFIC	.rtf	39325
packaging/windows/sentinel-desktop.exe.manifest	PLATFORM_SPECIFIC	.manifest	1493
packaging/windows/sentinel-desktop.rc.in	PLATFORM_SPECIFIC	.in	1300
packaging/windows/winget/Sopwit.Sentinel.yaml	PLATFORM_SPECIFIC	.yaml	1520
plugins/CMakeLists.txt	ACTIVE_PRODUCTION	.txt	112
plugins/README.md	ACTIVE_PRODUCTION	.md	992
plugins/samples/custom_agent_tool/CMakeLists.txt	ACTIVE_PRODUCTION	.txt	2041
plugins/samples/custom_agent_tool/CustomToolPlugin.cpp	ACTIVE_PRODUCTION	.cpp	4923
plugins/samples/custom_agent_tool/CustomToolPlugin.h	ACTIVE_PRODUCTION	.h	1581
plugins/samples/custom_agent_tool/plugin-second.json	ACTIVE_PRODUCTION	.json	384
plugins/samples/custom_agent_tool/plugin.json	ACTIVE_PRODUCTION	.json	412
plugins/samples/custom_llm_provider/CMakeLists.txt	ACTIVE_PRODUCTION	.txt	932
plugins/samples/custom_llm_provider/CustomLlmPlugin.cpp	ACTIVE_PRODUCTION	.cpp	2253
plugins/samples/custom_llm_provider/CustomLlmPlugin.h	ACTIVE_PRODUCTION	.h	1303
plugins/samples/custom_llm_provider/plugin.json	ACTIVE_PRODUCTION	.json	469
plugins/sdk/CMakeLists.txt	ACTIVE_PRODUCTION	.txt	228
plugins/sdk/include/SentinelPluginSdk.h	ACTIVE_PRODUCTION	.h	4344
protocol/DesktopBridgeMethods.json	ACTIVE_PRODUCTION	.json	85120
protocol/QtIpcContract.generated.h	GENERATED	.h	147151
protocol/ipc-v1.json	ACTIVE_PRODUCTION	.json	128625
resources/README.md	ACTIVE_PRODUCTION	.md	559
resources/branding/BRAND_GUIDELINES.md	ACTIVE_PRODUCTION	.md	11978
resources/branding/app-icon/linux/128x128/apps/sentinel.png	PLATFORM_SPECIFIC	.png	1921
resources/branding/app-icon/linux/16x16/apps/sentinel.png	PLATFORM_SPECIFIC	.png	419
resources/branding/app-icon/linux/22x22/apps/sentinel.png	PLATFORM_SPECIFIC	.png	495
resources/branding/app-icon/linux/24x24/apps/sentinel.png	PLATFORM_SPECIFIC	.png	537
resources/branding/app-icon/linux/256x256/apps/sentinel.png	PLATFORM_SPECIFIC	.png	3601
resources/branding/app-icon/linux/32x32/apps/sentinel.png	PLATFORM_SPECIFIC	.png	644
resources/branding/app-icon/linux/48x48/apps/sentinel.png	PLATFORM_SPECIFIC	.png	894
resources/branding/app-icon/linux/512x512/apps/sentinel.png	PLATFORM_SPECIFIC	.png	7581
resources/branding/app-icon/linux/64x64/apps/sentinel.png	PLATFORM_SPECIFIC	.png	1065
resources/branding/app-icon/linux/scalable/apps/sentinel.svg	PLATFORM_SPECIFIC	.svg	300
resources/branding/app-icon/macos/sentinel-1024.png	PLATFORM_SPECIFIC	.png	17555
resources/branding/app-icon/macos/sentinel-128.png	PLATFORM_SPECIFIC	.png	1921
resources/branding/app-icon/macos/sentinel-16.png	PLATFORM_SPECIFIC	.png	419
resources/branding/app-icon/macos/sentinel-256.png	PLATFORM_SPECIFIC	.png	3601
resources/branding/app-icon/macos/sentinel-32.png	PLATFORM_SPECIFIC	.png	644
resources/branding/app-icon/macos/sentinel-512.png	PLATFORM_SPECIFIC	.png	7581
resources/branding/app-icon/macos/sentinel-64.png	PLATFORM_SPECIFIC	.png	1065
resources/branding/app-icon/macos/sentinel.icns	PLATFORM_SPECIFIC	.icns	45773
resources/branding/app-icon/master.svg	ACTIVE_PRODUCTION	.svg	300
resources/branding/app-icon/windows/sentinel-128.png	PLATFORM_SPECIFIC	.png	1921
resources/branding/app-icon/windows/sentinel-16.png	PLATFORM_SPECIFIC	.png	419
resources/branding/app-icon/windows/sentinel-20.png	PLATFORM_SPECIFIC	.png	480
resources/branding/app-icon/windows/sentinel-24.png	PLATFORM_SPECIFIC	.png	537
resources/branding/app-icon/windows/sentinel-256.png	PLATFORM_SPECIFIC	.png	3601
resources/branding/app-icon/windows/sentinel-32.png	PLATFORM_SPECIFIC	.png	644
resources/branding/app-icon/windows/sentinel-48.png	PLATFORM_SPECIFIC	.png	894
resources/branding/app-icon/windows/sentinel-64.png	PLATFORM_SPECIFIC	.png	1065
resources/branding/app-icon/windows/sentinel.ico	PLATFORM_SPECIFIC	.ico	9695
resources/branding/docs/github-avatar.svg	ACTIVE_PRODUCTION	.svg	300
resources/branding/docs/github-social-preview.svg	ACTIVE_PRODUCTION	.svg	749
resources/branding/docs/readme-header.svg	ACTIVE_PRODUCTION	.svg	598
resources/branding/favicon-16.png	ACTIVE_PRODUCTION	.png	240
resources/branding/favicon-32.png	ACTIVE_PRODUCTION	.png	338
resources/branding/favicon.svg	ACTIVE_PRODUCTION	.svg	282
resources/branding/manifest.json	ACTIVE_PRODUCTION	.json	14053
resources/branding/symbol/sentinel-symbol-black.svg	ACTIVE_PRODUCTION	.svg	191
resources/branding/symbol/sentinel-symbol-white.svg	ACTIVE_PRODUCTION	.svg	191
resources/branding/symbol/sentinel-symbol.svg	ACTIVE_PRODUCTION	.svg	196
resources/branding/tools/export.mjs	ACTIVE_PRODUCTION	.mjs	8799
resources/branding/tools/validate.mjs	ACTIVE_PRODUCTION	.mjs	12842
resources/branding/tray/linux/sentinel-tray-16-black.png	PLATFORM_SPECIFIC	.png	240
resources/branding/tray/linux/sentinel-tray-16-white.png	PLATFORM_SPECIFIC	.png	243
resources/branding/tray/linux/sentinel-tray-22-black.png	PLATFORM_SPECIFIC	.png	271
resources/branding/tray/linux/sentinel-tray-22-white.png	PLATFORM_SPECIFIC	.png	275
resources/branding/tray/linux/sentinel-tray-24-black.png	PLATFORM_SPECIFIC	.png	293
resources/branding/tray/linux/sentinel-tray-24-white.png	PLATFORM_SPECIFIC	.png	300
resources/branding/tray/linux/sentinel-tray-32-black.png	PLATFORM_SPECIFIC	.png	338
resources/branding/tray/linux/sentinel-tray-32-white.png	PLATFORM_SPECIFIC	.png	347
resources/branding/tray/linux/sentinel-tray-symbolic.svg	PLATFORM_SPECIFIC	.svg	196
resources/branding/tray/macos/sentinel-tray-16-template.png	PLATFORM_SPECIFIC	.png	240
resources/branding/tray/macos/sentinel-tray-16-template@2x.png	PLATFORM_SPECIFIC	.png	338
resources/branding/tray/macos/sentinel-tray-18-template.png	PLATFORM_SPECIFIC	.png	250
resources/branding/tray/macos/sentinel-tray-18-template@2x.png	PLATFORM_SPECIFIC	.png	369
resources/branding/tray/macos/sentinel-tray-20-template.png	PLATFORM_SPECIFIC	.png	262
resources/branding/tray/macos/sentinel-tray-20-template@2x.png	PLATFORM_SPECIFIC	.png	386
resources/branding/tray/macos/sentinel-tray-22-template.png	PLATFORM_SPECIFIC	.png	271
resources/branding/tray/macos/sentinel-tray-22-template@2x.png	PLATFORM_SPECIFIC	.png	418
resources/branding/tray/sentinel-tray.svg	ACTIVE_PRODUCTION	.svg	196
resources/branding/tray/windows/sentinel-tray-16-black.png	PLATFORM_SPECIFIC	.png	240
resources/branding/tray/windows/sentinel-tray-16-white.png	PLATFORM_SPECIFIC	.png	243
resources/branding/tray/windows/sentinel-tray-20-black.png	PLATFORM_SPECIFIC	.png	262
resources/branding/tray/windows/sentinel-tray-20-white.png	PLATFORM_SPECIFIC	.png	269
resources/branding/tray/windows/sentinel-tray-24-black.png	PLATFORM_SPECIFIC	.png	293
resources/branding/tray/windows/sentinel-tray-24-white.png	PLATFORM_SPECIFIC	.png	300
resources/branding/tray/windows/sentinel-tray-32-black.png	PLATFORM_SPECIFIC	.png	338
resources/branding/tray/windows/sentinel-tray-32-white.png	PLATFORM_SPECIFIC	.png	347
resources/branding/validation-report.json	ACTIVE_PRODUCTION	.json	9628
resources/branding/wordmark/sentinel-lockup.svg	ACTIVE_PRODUCTION	.svg	339
resources/fonts/IBMPlexMono-Regular.ttf	ACTIVE_PRODUCTION	.ttf	173052
resources/fonts/InterVariable.ttf	ACTIVE_PRODUCTION	.ttf	879708
resources/fonts/LICENSES/OFL-1.1.txt	ACTIVE_PRODUCTION	.txt	4010
resources/fonts/LICENSES/README.md	ACTIVE_PRODUCTION	.md	723
resources/icons/lucide/file-text.svg	ACTIVE_PRODUCTION	.svg	279
resources/icons/lucide/image.svg	ACTIVE_PRODUCTION	.svg	283
resources/icons/lucide/mic.svg	ACTIVE_PRODUCTION	.svg	260
resources/icons/lucide/paperclip.svg	ACTIVE_PRODUCTION	.svg	289
resources/icons/lucide/square.svg	ACTIVE_PRODUCTION	.svg	136
resources/icons/tabler/LICENSE	ACTIVE_PRODUCTION	none	1073
resources/icons/tabler/alarm.svg	ACTIVE_PRODUCTION	.svg	491
resources/icons/tabler/alert-triangle.svg	ACTIVE_PRODUCTION	.svg	558
resources/icons/tabler/archive.svg	ACTIVE_PRODUCTION	.svg	512
resources/icons/tabler/arrow-down.svg	ACTIVE_PRODUCTION	.svg	431
resources/icons/tabler/arrow-up-right.svg	ACTIVE_PRODUCTION	.svg	405
resources/icons/tabler/arrow-up.svg	ACTIVE_PRODUCTION	.svg	430
resources/icons/tabler/bell.svg	ACTIVE_PRODUCTION	.svg	496
resources/icons/tabler/bolt.svg	ACTIVE_PRODUCTION	.svg	397
resources/icons/tabler/books.svg	ACTIVE_PRODUCTION	.svg	867
resources/icons/tabler/box.svg	ACTIVE_PRODUCTION	.svg	459
resources/icons/tabler/brain.svg	ACTIVE_PRODUCTION	.svg	690
resources/icons/tabler/bulb.svg	ACTIVE_PRODUCTION	.svg	513
resources/icons/tabler/calendar.svg	ACTIVE_PRODUCTION	.svg	563
resources/icons/tabler/chart-bar.svg	ACTIVE_PRODUCTION	.svg	663
resources/icons/tabler/chart-line.svg	ACTIVE_PRODUCTION	.svg	423
resources/icons/tabler/check.svg	ACTIVE_PRODUCTION	.svg	390
resources/icons/tabler/chevron-down.svg	ACTIVE_PRODUCTION	.svg	372
resources/icons/tabler/chevron-right.svg	ACTIVE_PRODUCTION	.svg	376
resources/icons/tabler/circle.svg	ACTIVE_PRODUCTION	.svg	397
resources/icons/tabler/clipboard.svg	ACTIVE_PRODUCTION	.svg	529
resources/icons/tabler/clock.svg	ACTIVE_PRODUCTION	.svg	426
resources/icons/tabler/code.svg	ACTIVE_PRODUCTION	.svg	448
resources/icons/tabler/database.svg	ACTIVE_PRODUCTION	.svg	492
resources/icons/tabler/device-desktop.svg	ACTIVE_PRODUCTION	.svg	528
resources/icons/tabler/dots.svg	ACTIVE_PRODUCTION	.svg	502
resources/icons/tabler/eye.svg	ACTIVE_PRODUCTION	.svg	527
resources/icons/tabler/file-text.svg	ACTIVE_PRODUCTION	.svg	542
resources/icons/tabler/folder.svg	ACTIVE_PRODUCTION	.svg	448
resources/icons/tabler/friends.svg	ACTIVE_PRODUCTION	.svg	552
resources/icons/tabler/gift.svg	ACTIVE_PRODUCTION	.svg	638
resources/icons/tabler/heartbeat.svg	ACTIVE_PRODUCTION	.svg	498
resources/icons/tabler/home.svg	ACTIVE_PRODUCTION	.svg	524
resources/icons/tabler/key.svg	ACTIVE_PRODUCTION	.svg	695
resources/icons/tabler/layout-dashboard.svg	ACTIVE_PRODUCTION	.svg	720
resources/icons/tabler/lock.svg	ACTIVE_PRODUCTION	.svg	543
resources/icons/tabler/logout.svg	ACTIVE_PRODUCTION	.svg	507
resources/icons/tabler/mail.svg	ACTIVE_PRODUCTION	.svg	480
resources/icons/tabler/map-pin.svg	ACTIVE_PRODUCTION	.svg	486
resources/icons/tabler/maximize.svg	ACTIVE_PRODUCTION	.svg	525
resources/icons/tabler/menu.svg	ACTIVE_PRODUCTION	.svg	414
resources/icons/tabler/message-circle.svg	ACTIVE_PRODUCTION	.svg	554
resources/icons/tabler/microphone.svg	ACTIVE_PRODUCTION	.svg	529
resources/icons/tabler/minimize.svg	ACTIVE_PRODUCTION	.svg	503
resources/icons/tabler/minus.svg	ACTIVE_PRODUCTION	.svg	387
resources/icons/tabler/movie.svg	ACTIVE_PRODUCTION	.svg	621
resources/icons/tabler/notebook.svg	ACTIVE_PRODUCTION	.svg	497
resources/icons/tabler/notes.svg	ACTIVE_PRODUCTION	.svg	519
resources/icons/tabler/palette.svg	ACTIVE_PRODUCTION	.svg	684
resources/icons/tabler/paperclip.svg	ACTIVE_PRODUCTION	.svg	414
resources/icons/tabler/pencil.svg	ACTIVE_PRODUCTION	.svg	447
resources/icons/tabler/photo.svg	ACTIVE_PRODUCTION	.svg	589
resources/icons/tabler/pin.svg	ACTIVE_PRODUCTION	.svg	475
resources/icons/tabler/plane.svg	ACTIVE_PRODUCTION	.svg	454
resources/icons/tabler/player-pause.svg	ACTIVE_PRODUCTION	.svg	537
resources/icons/tabler/player-play.svg	ACTIVE_PRODUCTION	.svg	391
resources/icons/tabler/refresh.svg	ACTIVE_PRODUCTION	.svg	470
resources/icons/tabler/robot.svg	ACTIVE_PRODUCTION	.svg	641
resources/icons/tabler/ruler.svg	ACTIVE_PRODUCTION	.svg	629
resources/icons/tabler/school.svg	ACTIVE_PRODUCTION	.svg	457
resources/icons/tabler/search.svg	ACTIVE_PRODUCTION	.svg	417
resources/icons/tabler/send.svg	ACTIVE_PRODUCTION	.svg	480
resources/icons/tabler/settings.svg	ACTIVE_PRODUCTION	.svg	939
resources/icons/tabler/shield.svg	ACTIVE_PRODUCTION	.svg	456
resources/icons/tabler/sparkles.svg	ACTIVE_PRODUCTION	.svg	517
resources/icons/tabler/speakerphone.svg	ACTIVE_PRODUCTION	.svg	594
resources/icons/tabler/target.svg	ACTIVE_PRODUCTION	.svg	499
resources/icons/tabler/tool.svg	ACTIVE_PRODUCTION	.svg	454
resources/icons/tabler/trash.svg	ACTIVE_PRODUCTION	.svg	548
resources/icons/tabler/user.svg	ACTIVE_PRODUCTION	.svg	466
resources/icons/tabler/volume-2.svg	ACTIVE_PRODUCTION	.svg	510
resources/icons/tabler/volume-off.svg	ACTIVE_PRODUCTION	.svg	690
resources/icons/tabler/world.svg	ACTIVE_PRODUCTION	.svg	537
resources/icons/tabler/x.svg	ACTIVE_PRODUCTION	.svg	362
resources/sounds/error.wav	ACTIVE_PRODUCTION	.wav	52998
resources/sounds/notification.wav	ACTIVE_PRODUCTION	.wav	38886
resources/sounds/success.wav	ACTIVE_PRODUCTION	.wav	54762
tests/CMakeLists.txt	TEST	.txt	18763
tests/README.md	TEST	.md	517
tests/benchmarks/bench_context_compression.cpp	TEST	.cpp	2809
tests/benchmarks/bench_semantic_search.cpp	TEST	.cpp	4067
tests/benchmarks/bench_sqlite_store.cpp	TEST	.cpp	1468
tests/core/test_agent_activity_log.cpp	TEST	.cpp	2798
tests/core/test_agent_loop.cpp	TEST	.cpp	23122
tests/core/test_agent_pipeline_result.cpp	TEST	.cpp	4401
tests/core/test_agent_runtime.cpp	TEST	.cpp	41483
tests/core/test_agent_runtime_context.cpp	TEST	.cpp	4932
tests/core/test_agent_runtime_service.cpp	TEST	.cpp	5275
tests/core/test_agent_task_runtime.cpp	TEST	.cpp	17672
tests/core/test_app_settings.cpp	TEST	.cpp	33214
tests/core/test_application_controller.cpp	TEST	.cpp	181068
tests/core/test_background_job_persistence.cpp	TEST	.cpp	1178
tests/core/test_chat_application_controller.cpp	TEST	.cpp	3493
tests/core/test_chat_mode_service.cpp	TEST	.cpp	10921
tests/core/test_chat_session.cpp	TEST	.cpp	2582
tests/core/test_codemode_interpreter.cpp	TEST	.cpp	1391
tests/core/test_companion_service.cpp	TEST	.cpp	4289
tests/core/test_config_resolver.cpp	TEST	.cpp	1282
tests/core/test_context_assembly.cpp	TEST	.cpp	41728
tests/core/test_controlled_agent_tasks.cpp	TEST	.cpp	4627
tests/core/test_conversation_session.cpp	TEST	.cpp	5358
tests/core/test_conversation_state_graph.cpp	TEST	.cpp	5324
tests/core/test_credential_store.cpp	TEST	.cpp	8418
tests/core/test_daemon_ipc.cpp	TEST	.cpp	26387
tests/core/test_flock_file_lock.cpp	TEST	.cpp	1490
tests/core/test_fnv_hash.cpp	TEST	.cpp	1380
tests/core/test_fuzzy_editor.cpp	TEST	.cpp	4330
tests/core/test_health_service.cpp	TEST	.cpp	799
tests/core/test_in_memory_conversation_store.cpp	TEST	.cpp	4858
tests/core/test_in_memory_memory_candidate_store.cpp	TEST	.cpp	8243
tests/core/test_in_memory_store.cpp	TEST	.cpp	3212
tests/core/test_in_memory_tool_registry.cpp	TEST	.cpp	14093
tests/core/test_json_schema_validator.cpp	TEST	.cpp	768
tests/core/test_json_settings_store.cpp	TEST	.cpp	2816
tests/core/test_keyed_mutex.cpp	TEST	.cpp	965
tests/core/test_lazy.cpp	TEST	.cpp	1325
tests/core/test_llm_agent_runtime.cpp	TEST	.cpp	16005
tests/core/test_local_echo_provider.cpp	TEST	.cpp	1870
tests/core/test_local_inference.cpp	TEST	.cpp	19807
tests/core/test_local_rag_store.cpp	TEST	.cpp	3217
tests/core/test_local_runtime.cpp	TEST	.cpp	2892
tests/core/test_local_runtime_session.cpp	TEST	.cpp	3608
tests/core/test_location_service_map.cpp	TEST	.cpp	816
tests/core/test_mcp_integration.cpp	TEST	.cpp	26370
tests/core/test_mcp_tool_provider.cpp	TEST	.cpp	9851
tests/core/test_memo_map.cpp	TEST	.cpp	1696
tests/core/test_mode_manager.cpp	TEST	.cpp	1333
tests/core/test_model_registry.cpp	TEST	.cpp	9708
tests/core/test_null_agent_runtime.cpp	TEST	.cpp	7281
tests/core/test_null_tool_executor.cpp	TEST	.cpp	5041
tests/core/test_observation_policy.cpp	TEST	.cpp	15636
tests/core/test_ollama_runtime.cpp	TEST	.cpp	9351
tests/core/test_orchestration_snapshot.cpp	TEST	.cpp	3077
tests/core/test_permission_policy_service.cpp	TEST	.cpp	2874
tests/core/test_persistence_startup_certification.cpp	TEST	.cpp	8548
tests/core/test_plugin_hook_registry.cpp	TEST	.cpp	922
tests/core/test_plugin_manager.cpp	TEST	.cpp	10354
tests/core/test_plugin_tool_integration.cpp	TEST	.cpp	32762
tests/core/test_process_executor.cpp	TEST	.cpp	8614
tests/core/test_provider_credentials.cpp	TEST	.cpp	3818
tests/core/test_real_tool_executor_tools.cpp	TEST	.cpp	46955
tests/core/test_runtime_feature_flags.cpp	TEST	.cpp	744
tests/core/test_runtime_integration.cpp	TEST	.cpp	5064
tests/core/test_runtime_provider.cpp	TEST	.cpp	6168
tests/core/test_sampled_checksum.cpp	TEST	.cpp	1309
tests/core/test_scoped_transform.cpp	TEST	.cpp	2359
tests/core/test_security_utilities.cpp	TEST	.cpp	2769
tests/core/test_semantic_retrieval.cpp	TEST	.cpp	65625
tests/core/test_session_execution_patterns.cpp	TEST	.cpp	2460
tests/core/test_settings_recovery_runtime.cpp	TEST	.cpp	24840
tests/core/test_skill_extension_runtime.cpp	TEST	.cpp	13192
tests/core/test_skill_profile_service.cpp	TEST	.cpp	2606
tests/core/test_sqlite_chat_history_store.cpp	TEST	.cpp	6245
tests/core/test_sqlite_conversation_store.cpp	TEST	.cpp	12738
tests/core/test_sqlite_memory_store.cpp	TEST	.cpp	6532
tests/core/test_standard_path_provider.cpp	TEST	.cpp	4822
tests/core/test_static_agent_registry.cpp	TEST	.cpp	3191
tests/core/test_static_approval_policy.cpp	TEST	.cpp	3791
tests/core/test_static_execution_lifecycle.cpp	TEST	.cpp	5472
tests/core/test_static_memory_catalog.cpp	TEST	.cpp	3602
tests/core/test_static_model_router.cpp	TEST	.cpp	5829
tests/core/test_static_orchestration_diagnostics.cpp	TEST	.cpp	5798
tests/core/test_static_provider_catalog.cpp	TEST	.cpp	3710
tests/core/test_static_runtime_capability_registry.cpp	TEST	.cpp	5117
tests/core/test_static_runtime_permission_policy.cpp	TEST	.cpp	3954
tests/core/test_static_runtime_pipeline.cpp	TEST	.cpp	4850
tests/core/test_static_runtime_safety_policy.cpp	TEST	.cpp	1811
tests/core/test_static_sandbox_policy.cpp	TEST	.cpp	6396
tests/core/test_static_task_planner.cpp	TEST	.cpp	9765
tests/core/test_token_estimator.cpp	TEST	.cpp	1094
tests/core/test_tool_argument_validator.cpp	TEST	.cpp	9170
tests/core/test_tool_execution_gateway.cpp	TEST	.cpp	8509
tests/core/test_tool_name_validator.cpp	TEST	.cpp	698
tests/core/test_unified_audio_lifecycle.cpp	TEST	.cpp	12415
tests/core/test_upgrade.cpp	TEST	.cpp	6017
tests/core/test_voice.cpp	TEST	.cpp	50972
tests/core/test_web_search_tool.cpp	TEST	.cpp	3858
tests/core/test_workspace_service.cpp	TEST	.cpp	4487
tests/core/test_worktree_service.cpp	TEST	.cpp	3662
tests/desktop/test_chat_message_recovery.cpp	TEST	.cpp	2000
tests/desktop/test_chat_view_model.cpp	TEST	.cpp	3600
tests/desktop/test_desktop_ipc.cpp	TEST	.cpp	53643
tests/desktop/test_desktop_shell_view_model.cpp	TEST	.cpp	209863
tests/desktop/test_graphics_backend.cpp	TEST	.cpp	958
tests/desktop/test_native_integration.cpp	TEST	.cpp	2955
tests/fixtures/plugins/broker/plugin.json	TEST	.json	462
tests/fixtures/skills/certification.md	TEST	.md	248
tests/fixtures/skills/workspace.md	TEST	.md	178
tests/gui/components/tst_CommandPalette.qml	TEST	.qml	220
tests/gui/components/tst_SentinelButton.qml	TEST	.qml	219
tests/gui/tst_main.cpp	TEST	.cpp	171
tests/helpers/audio_certification_Info.plist.in	TEST	.in	583
tests/helpers/audio_certification_probe.cpp	TEST	.cpp	8516
tests/helpers/broker_certification_plugin.cpp	TEST	.cpp	6731
tests/helpers/observation_request_probe.cpp	TEST	.cpp	3231
tests/helpers/provider_certification_probe.cpp	TEST	.cpp	20363
tests/helpers/settings_ui_certification.qml	TEST	.qml	1251
tests/helpers/settings_ui_certification_probe.cpp	TEST	.cpp	6311
tests/helpers/test_mcp_server.cpp	TEST	.cpp	7122
tests/integration/test_rag_e2e_pipeline.cpp	TEST	.cpp	1382
tests/performance/test_startup_time.cpp	TEST	.cpp	1328
tests/support/DeterministicChatFixture.h	TEST	.h	5321
tests/support/LocalInferenceWorkerFixture.h	TEST	.h	5298
tests/test_default_platform_services.cpp	TEST	.cpp	959
tools/analysis/compile_database.py	ACTIVE_PRODUCTION	.py	1791
tools/branding/.gitignore	ACTIVE_PRODUCTION	none	13
tools/branding/check.py	ACTIVE_PRODUCTION	.py	4253
tools/ipc/generate.py	ACTIVE_PRODUCTION	.py	5081
tools/ipc/generate_desktop.py	ACTIVE_PRODUCTION	.py	6002
tools/terminal/install-dev.sh	ACTIVE_PRODUCTION	.sh	529
translations/README.md	ACTIVE_PRODUCTION	.md	981
translations/sentinel_ar.ts	ACTIVE_PRODUCTION	.ts	199714
translations/sentinel_de.ts	ACTIVE_PRODUCTION	.ts	191161
translations/sentinel_en.ts	ACTIVE_PRODUCTION	.ts	196518
translations/sentinel_es.ts	ACTIVE_PRODUCTION	.ts	191511
translations/sentinel_fr.ts	ACTIVE_PRODUCTION	.ts	192807
translations/sentinel_ja.ts	ACTIVE_PRODUCTION	.ts	197194
translations/sentinel_tr.ts	ACTIVE_PRODUCTION	.ts	209174
translations/sentinel_zh.ts	ACTIVE_PRODUCTION	.ts	184772
ui/qml/Main.qml	ACTIVE_PRODUCTION	.qml	22701
ui/qml/components/base/Atmosphere.qml	ACTIVE_PRODUCTION	.qml	2703
ui/qml/components/base/EmptyState.qml	ACTIVE_PRODUCTION	.qml	2636
ui/qml/components/base/ErrorBanner.qml	ACTIVE_PRODUCTION	.qml	4708
ui/qml/components/base/GlowSurface.qml	ACTIVE_PRODUCTION	.qml	2281
ui/qml/components/base/InfoRow.qml	ACTIVE_PRODUCTION	.qml	1059
ui/qml/components/base/RuntimeBadge.qml	ACTIVE_PRODUCTION	.qml	2511
ui/qml/components/base/SectionTitle.qml	ACTIVE_PRODUCTION	.qml	766
ui/qml/components/base/SentinelButton.qml	ACTIVE_PRODUCTION	.qml	3921
ui/qml/components/base/SentinelComboBox.qml	ACTIVE_PRODUCTION	.qml	9179
ui/qml/components/base/SentinelIcon.qml	ACTIVE_PRODUCTION	.qml	591
ui/qml/components/base/SentinelOrb.qml	ACTIVE_PRODUCTION	.qml	6352
ui/qml/components/base/SentinelSlider.qml	ACTIVE_PRODUCTION	.qml	2085
ui/qml/components/base/SentinelSpinBox.qml	ACTIVE_PRODUCTION	.qml	2863
ui/qml/components/base/SentinelSwitch.qml	ACTIVE_PRODUCTION	.qml	1548
ui/qml/components/base/SentinelTelemetry.qml	ACTIVE_PRODUCTION	.qml	2032
ui/qml/components/base/SentinelTextField.qml	ACTIVE_PRODUCTION	.qml	1917
ui/qml/components/base/SettingCard.qml	ACTIVE_PRODUCTION	.qml	2227
ui/qml/components/base/SettingControlRow.qml	ACTIVE_PRODUCTION	.qml	2730
ui/qml/components/base/SettingToggleRow.qml	ACTIVE_PRODUCTION	.qml	2934
ui/qml/components/base/ShimmerEffect.qml	ACTIVE_PRODUCTION	.qml	1325
ui/qml/components/base/SoundManager.qml	ACTIVE_PRODUCTION	.qml	3162
ui/qml/components/base/StatusChip.qml	ACTIVE_PRODUCTION	.qml	2998
ui/qml/components/base/StatusPulse.qml	ACTIVE_PRODUCTION	.qml	1383
ui/qml/components/base/TablerGlyph.qml	ACTIVE_PRODUCTION	.qml	935
ui/qml/components/chat/ActiveAgentsPanel.qml	ACTIVE_PRODUCTION	.qml	3741
ui/qml/components/chat/CognitionStreamPanel.qml	ACTIVE_PRODUCTION	.qml	3295
ui/qml/components/chat/HomeChatSurface.qml	ACTIVE_PRODUCTION	.qml	135877
ui/qml/components/chat/RuntimeStateStrip.qml	ACTIVE_PRODUCTION	.qml	2853
ui/qml/components/dialogs/ModelDetailPopup.qml	ACTIVE_PRODUCTION	.qml	23076
ui/qml/components/dialogs/RuntimeDetailPopup.qml	ACTIVE_PRODUCTION	.qml	32080
ui/qml/components/dialogs/SentinelOverlayModal.qml	ACTIVE_PRODUCTION	.qml	3045
ui/qml/components/dialogs/SplashScreen.qml	ACTIVE_PRODUCTION	.qml	3511
ui/qml/components/dialogs/TrayCompanionWindow.qml	ACTIVE_PRODUCTION	.qml	7596
ui/qml/components/dialogs/UpdateProgressModal.qml	ACTIVE_PRODUCTION	.qml	27968
ui/qml/components/navigation/BottomDock.qml	ACTIVE_PRODUCTION	.qml	9972
ui/qml/components/navigation/CommandPalette.qml	ACTIVE_PRODUCTION	.qml	12909
ui/qml/components/navigation/HeaderBar.qml	ACTIVE_PRODUCTION	.qml	5978
ui/qml/components/navigation/ShellPanel.qml	ACTIVE_PRODUCTION	.qml	4927
ui/qml/components/navigation/StatusBar.qml	ACTIVE_PRODUCTION	.qml	3298
ui/qml/components/navigation/TitleBar.qml	ACTIVE_PRODUCTION	.qml	2740
ui/qml/components/navigation/TitleBarButton.qml	ACTIVE_PRODUCTION	.qml	1597
ui/qml/components/notifications/NotificationCenterPanel.qml	ACTIVE_PRODUCTION	.qml	18888
ui/qml/components/notifications/NotificationItemDelegate.qml	ACTIVE_PRODUCTION	.qml	11869
ui/qml/components/notifications/NotificationToast.qml	ACTIVE_PRODUCTION	.qml	11727
ui/qml/onboarding/FinishStep.qml	ACTIVE_PRODUCTION	.qml	3918
ui/qml/onboarding/ModelSetupStep.qml	ACTIVE_PRODUCTION	.qml	4237
ui/qml/onboarding/OnboardingScreen.qml	ACTIVE_PRODUCTION	.qml	13208
ui/qml/onboarding/PrivacyConsentStep.qml	ACTIVE_PRODUCTION	.qml	2701
ui/qml/onboarding/ProcessingModeStep.qml	ACTIVE_PRODUCTION	.qml	1529
ui/qml/onboarding/ProviderSetupStep.qml	ACTIVE_PRODUCTION	.qml	4904
ui/qml/onboarding/VoiceSetupStep.qml	ACTIVE_PRODUCTION	.qml	2365
ui/qml/onboarding/WelcomeStep.qml	ACTIVE_PRODUCTION	.qml	5150
ui/qml/pages/AgentInspectorPage.qml	ACTIVE_PRODUCTION	.qml	15393
ui/qml/pages/ChatPanel.qml	ACTIVE_PRODUCTION	.qml	33237
ui/qml/pages/DashboardPage.qml	ACTIVE_PRODUCTION	.qml	2631
ui/qml/pages/models/LocalModelsTab.qml	ACTIVE_PRODUCTION	.qml	3965
ui/qml/pages/models/ModelsPage.qml	ACTIVE_PRODUCTION	.qml	89442
ui/qml/pages/models/OnlineRegistryTab.qml	ACTIVE_PRODUCTION	.qml	4371
ui/qml/pages/settings/AppearanceSettingsTab.qml	ACTIVE_PRODUCTION	.qml	15653
ui/qml/pages/settings/ModelSettingsTab.qml	ACTIVE_PRODUCTION	.qml	30275
ui/qml/pages/settings/SecuritySettingsTab.qml	ACTIVE_PRODUCTION	.qml	21291
ui/qml/pages/settings/SettingsPage.qml	ACTIVE_PRODUCTION	.qml	9707
ui/qml/pages/settings/SystemSettingsTab.qml	ACTIVE_PRODUCTION	.qml	10844
ui/qml/pages/settings/VoiceSettingsTab.qml	ACTIVE_PRODUCTION	.qml	13236
ui/qml/pages/settings/WorkspaceSettingsTab.qml	ACTIVE_PRODUCTION	.qml	16862
ui/qml/qmldir	ACTIVE_PRODUCTION	none	3745
ui/qml/theme/InteractionTokens.qml	ACTIVE_PRODUCTION	.qml	2104
ui/qml/theme/MotionTokens.qml	ACTIVE_PRODUCTION	.qml	1136
ui/qml/theme/SentinelTheme.qml	ACTIVE_PRODUCTION	.qml	22281
