Key	Contract	QML references	C++ references	Assessment
themeName	{"cpp":"QString","read":"themeName","write":"setThemeName"}	ui/qml/Main.qml,ui/qml/components/navigation/CommandPalette.qml,ui/qml/onboarding/FinishStep.qml,ui/qml/pages/settings/AppearanceSettingsTab.qml	apps/sentinel-desktop/src/DesktopShellViewModel.cpp,core/src/app/AppSettings.cpp,core/src/app/BackupService.cpp,core/src/app/SettingsService.cpp,tests/core/test_app_settings.cpp,tests/core/test_json_settings_store.cpp,tests/core/test_settings_recovery_runtime.cpp,tests/core/test_upgrade.cpp,tests/desktop/test_desktop_shell_view_model.cpp	REFERENCES_ONLY; runtime validation separate
configurationProfile	{"cpp":"QString","read":"configurationProfile","write":"setConfigurationProfile"}	ui/qml/pages/settings/WorkspaceSettingsTab.qml	apps/sentinel-desktop/src/DesktopShellViewModel.cpp,core/src/app/AppSettings.cpp,tests/core/test_app_settings.cpp,tests/core/test_json_settings_store.cpp,tests/desktop/test_desktop_shell_view_model.cpp	REFERENCES_ONLY; runtime validation separate
appLanguage	{"cpp":"QString","read":"appLanguage","write":"setAppLanguage"}	ui/qml/onboarding/FinishStep.qml,ui/qml/pages/settings/AppearanceSettingsTab.qml	apps/sentinel-cli/commands/ConfigCommand.cpp,apps/sentinel-cli/commands/StatusCommand.cpp,apps/sentinel-desktop/bootstrap/ApplicationBootstrapper.cpp,apps/sentinel-desktop/bootstrap/PlatformInitializer.cpp,apps/sentinel-desktop/src/DesktopShellViewModel.cpp,core/src/app/AppSettings.cpp,core/src/app/BackupService.cpp,core/src/app/SettingsService.cpp,tests/core/test_app_settings.cpp,tests/core/test_settings_recovery_runtime.cpp,tests/desktop/test_desktop_shell_view_model.cpp,tests/helpers/settings_ui_certification_probe.cpp	REFERENCES_ONLY; runtime validation separate
routingMode	{"cpp":"QString","read":"routingModeName","write":"setRoutingModeName"}	ui/qml/pages/settings/ModelSettingsTab.qml	apps/sentinel-cli/commands/ConfigCommand.cpp,apps/sentinel-cli/commands/StatusCommand.cpp,apps/sentinel-daemon/service/DaemonService.cpp,apps/sentinel-desktop/src/DesktopShellViewModel.cpp,core/src/app/AppSettings.cpp,core/src/app/ApplicationController.cpp,core/src/app/OrchestrationDiagnostics.cpp,core/src/app/StaticTaskPlanner.cpp,core/src/chat/ConversationSession.cpp,core/src/model/StaticModelRouter.cpp,tests/core/test_app_settings.cpp,tests/core/test_application_controller.cpp,tests/core/test_json_settings_store.cpp,tests/core/test_static_model_router.cpp,tests/core/test_static_task_planner.cpp,tests/core/test_upgrade.cpp,tests/desktop/test_desktop_shell_view_model.cpp	REFERENCES_ONLY; runtime validation separate
ollamaEndpoint	{"cpp":"QString","read":"ollamaEndpoint","write":"setOllamaEndpoint"}	ui/qml/onboarding/ProviderSetupStep.qml,ui/qml/pages/settings/ModelSettingsTab.qml	apps/sentinel-cli/commands/ConfigCommand.cpp,apps/sentinel-cli/commands/ModelCommand.cpp,apps/sentinel-cli/commands/StatusCommand.cpp,apps/sentinel-daemon/service/DaemonDesktopSettings.cpp,apps/sentinel-daemon/service/DaemonIpcServer.cpp,apps/sentinel-daemon/service/DaemonService.cpp,apps/sentinel-desktop/src/DesktopShellViewModel.cpp,core/src/app/AppSettings.cpp,core/src/app/ApplicationController.cpp,core/src/app/ApplicationControllerBuilder.cpp,core/src/app/SettingsService.cpp,core/src/model/ModelOperationService.cpp,core/src/model/ModelService.cpp,tests/core/test_app_settings.cpp,tests/core/test_application_controller.cpp,tests/core/test_upgrade.cpp,tests/desktop/test_desktop_shell_view_model.cpp	REFERENCES_ONLY; runtime validation separate
lmStudioEndpoint	{"cpp":"QString","read":"lmStudioEndpoint","write":"setLmStudioEndpoint"}	ui/qml/onboarding/ProviderSetupStep.qml,ui/qml/pages/settings/ModelSettingsTab.qml	apps/sentinel-daemon/service/DaemonDesktopSettings.cpp,apps/sentinel-daemon/service/DaemonIpcServer.cpp,apps/sentinel-daemon/service/DaemonService.cpp,apps/sentinel-desktop/src/DesktopShellViewModel.cpp,core/src/app/AppSettings.cpp,core/src/app/ApplicationController.cpp,core/src/app/SettingsService.cpp,core/src/model/ModelOperationService.cpp,core/src/model/ModelService.cpp,tests/desktop/test_desktop_shell_view_model.cpp	REFERENCES_ONLY; runtime validation separate
llamaCppEndpoint	{"cpp":"QString","read":"llamaCppEndpoint","write":"setLlamaCppEndpoint"}	ui/qml/onboarding/ProviderSetupStep.qml,ui/qml/pages/settings/ModelSettingsTab.qml	apps/sentinel-daemon/service/DaemonDesktopSettings.cpp,apps/sentinel-daemon/service/DaemonIpcServer.cpp,apps/sentinel-daemon/service/DaemonService.cpp,apps/sentinel-desktop/src/DesktopShellViewModel.cpp,core/src/app/AppSettings.cpp,core/src/app/ApplicationController.cpp,core/src/app/SettingsService.cpp,core/src/model/ModelService.cpp,tests/desktop/test_desktop_shell_view_model.cpp	REFERENCES_ONLY; runtime validation separate
cloudApiEndpoint	{"cpp":"QString","read":"cloudApiEndpoint","write":"setCloudApiEndpoint"}	ui/qml/onboarding/ProviderSetupStep.qml,ui/qml/pages/settings/ModelSettingsTab.qml	apps/sentinel-desktop/src/DesktopShellViewModel.cpp,core/src/app/AppSettings.cpp,core/src/app/SettingsService.cpp	REFERENCES_ONLY; runtime validation separate
webSearchProvider	{"cpp":"QString","read":"webSearchProvider","write":"setWebSearchProvider"}	ui/qml/pages/settings/SecuritySettingsTab.qml	apps/sentinel-daemon/service/DaemonService.cpp,apps/sentinel-desktop/src/DesktopShellViewModel.cpp,core/src/app/AppSettings.cpp,core/src/app/SettingsService.cpp	REFERENCES_ONLY; runtime validation separate
webSearchMaxResults	{"cpp":"int","read":"webSearchMaxResults","write":"setWebSearchMaxResults"}	ui/qml/pages/settings/SecuritySettingsTab.qml	apps/sentinel-daemon/service/DaemonService.cpp,apps/sentinel-desktop/src/DesktopShellViewModel.cpp,core/src/app/AppSettings.cpp,core/src/app/SettingsService.cpp	REFERENCES_ONLY; runtime validation separate
mcpServersJson	{"cpp":"QString","read":"mcpServersJson","write":"setMcpServersJson"}		apps/sentinel-daemon/service/DaemonIpcServer.cpp,apps/sentinel-daemon/service/DaemonService.cpp,apps/sentinel-desktop/src/DesktopShellViewModel.cpp,core/src/app/AppSettings.cpp,core/src/app/BackupService.cpp,tests/core/test_mcp_integration.cpp	REFERENCES_ONLY; runtime validation separate
semanticProvider	{"cpp":"QString","read":"semanticProvider","write":"setSemanticProvider"}	ui/qml/pages/settings/WorkspaceSettingsTab.qml	apps/sentinel-daemon/service/DaemonService.cpp,apps/sentinel-desktop/src/DesktopShellViewModel.cpp,core/src/app/AppSettings.cpp,core/src/app/ApplicationController.cpp,core/src/memory/SemanticRetrieval.cpp,tests/core/test_application_controller.cpp,tests/desktop/test_desktop_shell_view_model.cpp	REFERENCES_ONLY; runtime validation separate
semanticEmbeddingModel	{"cpp":"QString","read":"semanticEmbeddingModel","write":"setSemanticEmbeddingModel"}	ui/qml/pages/settings/WorkspaceSettingsTab.qml	apps/sentinel-daemon/service/DaemonService.cpp,apps/sentinel-desktop/src/DesktopShellViewModel.cpp,core/src/app/AppSettings.cpp,core/src/app/ApplicationController.cpp	REFERENCES_ONLY; runtime validation separate
selectedRuntimeProvider	{"cpp":"QString","read":"selectedRuntimeProvider","write":"setSelectedRuntimeProvider"}	ui/qml/components/chat/HomeChatSurface.qml,ui/qml/components/dialogs/ModelDetailPopup.qml,ui/qml/onboarding/ModelSetupStep.qml,ui/qml/onboarding/ProviderSetupStep.qml,ui/qml/pages/models/LocalModelsTab.qml,ui/qml/pages/models/ModelsPage.qml,ui/qml/pages/settings/ModelSettingsTab.qml	apps/sentinel-daemon/service/DaemonIpcServer.cpp,apps/sentinel-daemon/service/DaemonService.cpp,apps/sentinel-desktop/src/DesktopShellViewModel.cpp,core/src/app/AppSettings.cpp,core/src/app/ApplicationController.cpp,core/src/model/ModelService.cpp,tests/core/test_app_settings.cpp,tests/core/test_application_controller.cpp,tests/core/test_settings_recovery_runtime.cpp,tests/desktop/test_desktop_ipc.cpp,tests/desktop/test_desktop_shell_view_model.cpp	REFERENCES_ONLY; runtime validation separate
selectedCloudProvider	{"cpp":"QString","read":"selectedCloudProvider","write":"setSelectedCloudProvider"}	ui/qml/pages/settings/ModelSettingsTab.qml	apps/sentinel-daemon/service/DaemonService.cpp,apps/sentinel-desktop/src/DesktopShellViewModel.cpp,core/src/app/AppSettings.cpp,core/src/app/ApplicationController.cpp,core/src/app/SettingsService.cpp,core/src/model/ModelService.cpp	REFERENCES_ONLY; runtime validation separate
localInferenceTimeoutMs	{"cpp":"int","read":"localInferenceTimeoutMs","write":"setLocalInferenceTimeoutMs"}	ui/qml/pages/settings/ModelSettingsTab.qml	apps/sentinel-daemon/service/DaemonService.cpp,apps/sentinel-desktop/src/DesktopShellViewModel.cpp,core/src/app/AppSettings.cpp,core/src/app/ApplicationController.cpp,core/src/model/ModelService.cpp,tests/core/test_app_settings.cpp,tests/desktop/test_desktop_shell_view_model.cpp	REFERENCES_ONLY; runtime validation separate
localInferenceTemperature	{"cpp":"double","read":"localInferenceTemperature","write":"setLocalInferenceTemperature"}	ui/qml/onboarding/ModelSetupStep.qml,ui/qml/pages/settings/ModelSettingsTab.qml	apps/sentinel-daemon/service/DaemonService.cpp,apps/sentinel-desktop/src/DesktopShellViewModel.cpp,core/src/app/AppSettings.cpp,core/src/app/ApplicationController.cpp	REFERENCES_ONLY; runtime validation separate
localInferenceTopP	{"cpp":"double","read":"localInferenceTopP","write":"setLocalInferenceTopP"}	ui/qml/pages/settings/ModelSettingsTab.qml	apps/sentinel-daemon/service/DaemonService.cpp,apps/sentinel-desktop/src/DesktopShellViewModel.cpp,core/src/app/AppSettings.cpp,core/src/app/ApplicationController.cpp	REFERENCES_ONLY; runtime validation separate
localInferenceMaxTokens	{"cpp":"int","read":"localInferenceMaxTokens","write":"setLocalInferenceMaxTokens"}	ui/qml/pages/settings/ModelSettingsTab.qml	apps/sentinel-daemon/service/DaemonService.cpp,apps/sentinel-desktop/src/DesktopShellViewModel.cpp,core/src/app/AppSettings.cpp,core/src/app/ApplicationController.cpp	REFERENCES_ONLY; runtime validation separate
promptContextInjectionEnabled	{"cpp":"bool","read":"promptContextInjectionEnabled","write":"setPromptContextInjectionEnabled"}		apps/sentinel-daemon/service/DaemonService.cpp,apps/sentinel-desktop/src/DesktopShellViewModel.cpp,core/src/app/AppSettings.cpp,core/src/app/ApplicationController.cpp,tests/core/test_app_settings.cpp,tests/desktop/test_desktop_shell_view_model.cpp	REFERENCES_ONLY; runtime validation separate
semanticPromptInclusionEnabled	{"cpp":"bool","read":"semanticPromptInclusionEnabled","write":"setSemanticPromptInclusionEnabled"}		apps/sentinel-daemon/service/DaemonService.cpp,apps/sentinel-desktop/src/DesktopShellViewModel.cpp,core/src/app/AppSettings.cpp,core/src/app/ApplicationController.cpp,tests/core/test_app_settings.cpp,tests/core/test_application_controller.cpp,tests/desktop/test_desktop_shell_view_model.cpp	REFERENCES_ONLY; runtime validation separate
contextExplainabilityVisible	{"cpp":"bool","read":"contextExplainabilityVisible","write":"setContextExplainabilityVisible"}		apps/sentinel-desktop/src/DesktopShellViewModel.cpp,core/src/app/AppSettings.cpp,tests/core/test_app_settings.cpp,tests/desktop/test_desktop_shell_view_model.cpp	REFERENCES_ONLY; runtime validation separate
companionEnabled	{"cpp":"bool","read":"companionEnabled","write":"setCompanionEnabled"}	ui/qml/pages/settings/SystemSettingsTab.qml	apps/sentinel-desktop/src/DesktopShellViewModel.cpp,apps/sentinel-desktop/src/NativeCompanionAdapter.cpp,core/src/app/AppSettings.cpp,tests/core/test_app_settings.cpp,tests/desktop/test_desktop_shell_view_model.cpp	REFERENCES_ONLY; runtime validation separate
developerModeEnabled	{"cpp":"bool","read":"developerModeEnabled","write":"setDeveloperModeEnabled"}	ui/qml/pages/settings/SystemSettingsTab.qml	apps/sentinel-desktop/src/DesktopShellViewModel.cpp,core/src/app/AppSettings.cpp,tests/core/test_app_settings.cpp,tests/desktop/test_desktop_shell_view_model.cpp	REFERENCES_ONLY; runtime validation separate
agentAutonomousMode	{"cpp":"bool","read":"agentAutonomousMode","write":"setAgentAutonomousMode"}	ui/qml/pages/settings/SecuritySettingsTab.qml	apps/sentinel-daemon/service/DaemonService.cpp,apps/sentinel-desktop/src/DesktopShellViewModel.cpp,core/src/app/AppSettings.cpp,core/src/app/ApplicationController.cpp,core/src/app/SettingsService.cpp	REFERENCES_ONLY; runtime validation separate
piperBinaryPath	{"cpp":"QString","read":"piperBinaryPath","write":"setPiperBinaryPath"}	ui/qml/pages/settings/VoiceSettingsTab.qml	apps/sentinel-daemon/service/DaemonService.cpp,apps/sentinel-desktop/src/DesktopShellViewModel.cpp,core/src/app/AppSettings.cpp,core/src/app/ApplicationController.cpp,tests/core/test_app_settings.cpp,tests/core/test_application_controller.cpp,tests/desktop/test_desktop_shell_view_model.cpp	REFERENCES_ONLY; runtime validation separate
piperModelPath	{"cpp":"QString","read":"piperModelPath","write":"setPiperModelPath"}	ui/qml/pages/settings/VoiceSettingsTab.qml	apps/sentinel-daemon/service/DaemonService.cpp,apps/sentinel-desktop/src/DesktopShellViewModel.cpp,core/src/app/AppSettings.cpp,core/src/app/ApplicationController.cpp,tests/core/test_app_settings.cpp,tests/core/test_application_controller.cpp,tests/desktop/test_desktop_shell_view_model.cpp	REFERENCES_ONLY; runtime validation separate
whisperBinaryPath	{"cpp":"QString","read":"whisperBinaryPath","write":"setWhisperBinaryPath"}	ui/qml/pages/settings/VoiceSettingsTab.qml	apps/sentinel-daemon/service/DaemonService.cpp,apps/sentinel-desktop/src/DesktopShellViewModel.cpp,core/src/app/AppSettings.cpp,core/src/app/ApplicationController.cpp,tests/core/test_app_settings.cpp,tests/core/test_application_controller.cpp,tests/desktop/test_desktop_shell_view_model.cpp	REFERENCES_ONLY; runtime validation separate
whisperModelPath	{"cpp":"QString","read":"whisperModelPath","write":"setWhisperModelPath"}	ui/qml/pages/settings/VoiceSettingsTab.qml	apps/sentinel-daemon/service/DaemonService.cpp,apps/sentinel-desktop/src/DesktopShellViewModel.cpp,core/src/app/AppSettings.cpp,core/src/app/ApplicationController.cpp,tests/core/test_app_settings.cpp,tests/core/test_application_controller.cpp,tests/desktop/test_desktop_shell_view_model.cpp	REFERENCES_ONLY; runtime validation separate
piperFileOutputExecutionEnabled	{"cpp":"bool","read":"piperFileOutputExecutionEnabled","write":"setPiperFileOutputExecutionEnabled"}	ui/qml/pages/settings/VoiceSettingsTab.qml	apps/sentinel-daemon/service/DaemonService.cpp,apps/sentinel-desktop/src/DesktopShellViewModel.cpp,core/src/app/AppSettings.cpp,core/src/app/ApplicationController.cpp,tests/core/test_app_settings.cpp,tests/core/test_application_controller.cpp,tests/desktop/test_desktop_shell_view_model.cpp	REFERENCES_ONLY; runtime validation separate
selectedTtsEngine	{"cpp":"QString","read":"selectedTtsEngine","write":"setSelectedTtsEngine"}	ui/qml/pages/settings/VoiceSettingsTab.qml	apps/sentinel-daemon/service/DaemonService.cpp,apps/sentinel-desktop/src/DesktopShellViewModel.cpp,core/src/app/AppSettings.cpp,tests/core/test_app_settings.cpp	REFERENCES_ONLY; runtime validation separate
kokoroModelPath	{"cpp":"QString","read":"kokoroModelPath","write":"setKokoroModelPath"}	ui/qml/pages/settings/VoiceSettingsTab.qml	apps/sentinel-daemon/service/DaemonService.cpp,apps/sentinel-desktop/src/DesktopShellViewModel.cpp,core/src/app/AppSettings.cpp,core/src/app/ApplicationController.cpp,tests/core/test_app_settings.cpp	REFERENCES_ONLY; runtime validation separate
kokoroVoice	{"cpp":"QString","read":"kokoroVoice","write":"setKokoroVoice"}	ui/qml/pages/settings/VoiceSettingsTab.qml	apps/sentinel-daemon/service/DaemonService.cpp,apps/sentinel-desktop/src/DesktopShellViewModel.cpp,core/src/app/AppSettings.cpp,core/src/app/ApplicationController.cpp,tests/core/test_app_settings.cpp	REFERENCES_ONLY; runtime validation separate
activeConversationId	{"cpp":"QString","read":"activeConversationId","write":"setActiveConversationId"}	ui/qml/components/chat/HomeChatSurface.qml,ui/qml/pages/ChatPanel.qml	apps/sentinel-daemon/service/DaemonIpcServer.cpp,apps/sentinel-desktop/bootstrap/ApplicationBootstrapper.cpp,apps/sentinel-desktop/src/DesktopRuntimeClient.cpp,apps/sentinel-desktop/src/DesktopShellViewModel.cpp,core/src/app/AppSettings.cpp,core/src/app/ApplicationController.cpp,core/src/app/ContextAssembly.cpp,core/src/chat/ChatModeService.cpp,tests/core/test_application_controller.cpp,tests/core/test_context_assembly.cpp,tests/desktop/test_desktop_shell_view_model.cpp	REFERENCES_ONLY; runtime validation separate
selectedWorkspaceId	{"cpp":"QString","read":"selectedWorkspaceId","write":"setSelectedWorkspaceId"}	ui/qml/pages/settings/WorkspaceSettingsTab.qml	apps/sentinel-daemon/service/DaemonIpcServer.cpp,apps/sentinel-desktop/src/DesktopShellViewModel.cpp,core/src/agent/AgentRuntimeService.cpp,core/src/app/AppSettings.cpp,core/src/app/ApplicationController.cpp,core/src/app/OnboardingService.cpp,core/src/app/SettingsService.cpp,core/src/app/WorkspaceService.cpp,tests/core/test_app_settings.cpp,tests/core/test_daemon_ipc.cpp,tests/core/test_settings_recovery_runtime.cpp,tests/core/test_workspace_service.cpp,tests/desktop/test_desktop_shell_view_model.cpp	REFERENCES_ONLY; runtime validation separate
defaultWorkspaceId	{"cpp":"QString","read":"defaultWorkspaceId","write":"setDefaultWorkspaceId"}		core/src/app/AppSettings.cpp,tests/core/test_app_settings.cpp	REFERENCES_ONLY; runtime validation separate
workspaceCatalogJson	{"cpp":"QString","read":"workspaceCatalogJson","write":"setWorkspaceCatalogJson"}		apps/sentinel-daemon/service/DaemonIpcServer.cpp,apps/sentinel-desktop/src/DesktopShellViewModel.cpp,core/src/app/AppSettings.cpp,core/src/app/ApplicationController.cpp,core/src/app/ControlledTaskService.cpp,core/src/app/OnboardingService.cpp,core/src/app/SettingsService.cpp,tests/core/test_app_settings.cpp	REFERENCES_ONLY; runtime validation separate
localKnowledgeBaseEnabled	{"cpp":"bool","read":"localKnowledgeBaseEnabled","write":"setLocalKnowledgeBaseEnabled"}	ui/qml/pages/settings/WorkspaceSettingsTab.qml	apps/sentinel-desktop/src/DesktopShellViewModel.cpp,core/src/app/AppSettings.cpp,tests/core/test_app_settings.cpp,tests/desktop/test_desktop_shell_view_model.cpp	REFERENCES_ONLY; runtime validation separate
retrievalExplainabilityEnabled	{"cpp":"bool","read":"retrievalExplainabilityEnabled","write":"setRetrievalExplainabilityEnabled"}		apps/sentinel-desktop/src/DesktopShellViewModel.cpp,core/src/app/AppSettings.cpp,tests/core/test_app_settings.cpp	REFERENCES_ONLY; runtime validation separate
attachmentBehavior	{"cpp":"QString","read":"attachmentBehavior","write":"setAttachmentBehavior"}	ui/qml/pages/settings/WorkspaceSettingsTab.qml	apps/sentinel-desktop/src/DesktopShellViewModel.cpp,core/src/app/AppSettings.cpp,tests/core/test_app_settings.cpp	REFERENCES_ONLY; runtime validation separate
exportDefaultFormat	{"cpp":"QString","read":"exportDefaultFormat","write":"setExportDefaultFormat"}	ui/qml/pages/settings/WorkspaceSettingsTab.qml	apps/sentinel-desktop/src/DesktopShellViewModel.cpp,core/src/app/AppSettings.cpp,tests/core/test_app_settings.cpp	REFERENCES_ONLY; runtime validation separate
exportIncludeTimestamps	{"cpp":"bool","read":"exportIncludeTimestamps","write":"setExportIncludeTimestamps"}	ui/qml/pages/settings/WorkspaceSettingsTab.qml	apps/sentinel-desktop/src/DesktopShellViewModel.cpp,core/src/app/AppSettings.cpp,tests/core/test_app_settings.cpp	REFERENCES_ONLY; runtime validation separate
exportIncludeCitations	{"cpp":"bool","read":"exportIncludeCitations","write":"setExportIncludeCitations"}	ui/qml/pages/settings/WorkspaceSettingsTab.qml	apps/sentinel-desktop/src/DesktopShellViewModel.cpp,core/src/app/AppSettings.cpp,tests/core/test_app_settings.cpp	REFERENCES_ONLY; runtime validation separate
exportAnonymizeNames	{"cpp":"bool","read":"exportAnonymizeNames","write":"setExportAnonymizeNames"}	ui/qml/pages/settings/WorkspaceSettingsTab.qml	apps/sentinel-desktop/src/DesktopShellViewModel.cpp,core/src/app/AppSettings.cpp,tests/core/test_app_settings.cpp	REFERENCES_ONLY; runtime validation separate
exportIncludeModelMetadata	{"cpp":"bool","read":"exportIncludeModelMetadata","write":"setExportIncludeModelMetadata"}	ui/qml/pages/settings/WorkspaceSettingsTab.qml	apps/sentinel-desktop/src/DesktopShellViewModel.cpp,core/src/app/AppSettings.cpp,tests/core/test_app_settings.cpp	REFERENCES_ONLY; runtime validation separate
selectedSkillProfile	{"cpp":"QString","read":"selectedSkillProfile","write":"setSelectedSkillProfile"}	ui/qml/pages/settings/WorkspaceSettingsTab.qml	apps/sentinel-desktop/src/DesktopShellViewModel.cpp,core/src/agent/AgentRuntimeService.cpp,core/src/app/AppSettings.cpp,tests/core/test_app_settings.cpp,tests/desktop/test_desktop_shell_view_model.cpp	REFERENCES_ONLY; runtime validation separate
defaultPermissionPolicyState	{"cpp":"QString","read":"defaultPermissionPolicyState","write":"setDefaultPermissionPolicyState"}	ui/qml/pages/settings/SecuritySettingsTab.qml	apps/sentinel-daemon/service/DaemonIpcServer.cpp,apps/sentinel-daemon/service/DaemonService.cpp,apps/sentinel-desktop/src/DesktopShellViewModel.cpp,core/src/app/AppSettings.cpp,core/src/app/SettingsService.cpp,tests/core/test_app_settings.cpp,tests/desktop/test_desktop_ipc.cpp,tests/desktop/test_desktop_shell_view_model.cpp	REFERENCES_ONLY; runtime validation separate
updateCheckPolicy	{"cpp":"QString","read":"updateCheckPolicy","write":"setUpdateCheckPolicy"}	ui/qml/pages/settings/SystemSettingsTab.qml	apps/sentinel-desktop/src/DesktopShellViewModel.cpp,core/src/app/AppSettings.cpp,core/src/app/SettingsService.cpp,tests/core/test_app_settings.cpp,tests/desktop/test_desktop_shell_view_model.cpp	REFERENCES_ONLY; runtime validation separate
updateCheckUrl	{"cpp":"QString","read":"updateCheckUrl","write":"setUpdateCheckUrl"}		apps/sentinel-desktop/src/DesktopShellViewModel.cpp,core/src/app/AppSettings.cpp	REFERENCES_ONLY; runtime validation separate
notificationPolicy	{"cpp":"QString","read":"notificationPolicy","write":"setNotificationPolicy"}	ui/qml/pages/settings/SystemSettingsTab.qml	apps/sentinel-desktop/src/DesktopShellViewModel.cpp,apps/sentinel-desktop/src/NativeCompanionAdapter.cpp,core/src/app/AppSettings.cpp,core/src/app/SettingsService.cpp,tests/core/test_app_settings.cpp,tests/desktop/test_desktop_shell_view_model.cpp	REFERENCES_ONLY; runtime validation separate
onboardingComplete	{"cpp":"bool","read":"onboardingComplete","write":"setOnboardingComplete"}	ui/qml/Main.qml,ui/qml/onboarding/OnboardingScreen.qml	apps/sentinel-desktop/src/DesktopShellViewModel.cpp,core/src/app/AppSettings.cpp,core/src/app/OnboardingService.cpp,tests/core/test_app_settings.cpp,tests/core/test_settings_recovery_runtime.cpp,tests/desktop/test_desktop_shell_view_model.cpp	REFERENCES_ONLY; runtime validation separate
onboardingUseCase	{"cpp":"QString","read":"onboardingUseCase","write":"setOnboardingUseCase"}		apps/sentinel-desktop/src/DesktopShellViewModel.cpp,core/src/app/AppSettings.cpp,tests/core/test_app_settings.cpp,tests/desktop/test_desktop_shell_view_model.cpp	REFERENCES_ONLY; runtime validation separate
selectedSystemMode	{"cpp":"QString","read":"selectedSystemMode","write":"setSelectedSystemMode"}		apps/sentinel-desktop/src/DesktopShellViewModel.cpp,core/src/app/AppSettings.cpp	REFERENCES_ONLY; runtime validation separate
onboardingAiProvider	{"cpp":"QString","read":"onboardingAiProvider","write":"setOnboardingAiProvider"}		apps/sentinel-desktop/src/DesktopShellViewModel.cpp,core/src/app/AppSettings.cpp,tests/core/test_app_settings.cpp,tests/desktop/test_desktop_shell_view_model.cpp	REFERENCES_ONLY; runtime validation separate
recoveryDraftText	{"cpp":"QString","read":"recoveryDraftText","write":"setRecoveryDraftText"}	ui/qml/Main.qml,ui/qml/components/chat/HomeChatSurface.qml	apps/sentinel-desktop/src/DesktopShellViewModel.cpp,core/src/app/AppSettings.cpp,tests/core/test_app_settings.cpp,tests/desktop/test_desktop_shell_view_model.cpp	REFERENCES_ONLY; runtime validation separate
reducedMotionEnabled	{"cpp":"bool","read":"reducedMotionEnabled","write":"setReducedMotionEnabled"}	ui/qml/Main.qml,ui/qml/onboarding/OnboardingScreen.qml,ui/qml/pages/settings/AppearanceSettingsTab.qml	apps/sentinel-desktop/src/DesktopShellViewModel.cpp,core/src/app/AppSettings.cpp,tests/core/test_app_settings.cpp,tests/desktop/test_desktop_shell_view_model.cpp	REFERENCES_ONLY; runtime validation separate
highContrastEnabled	{"cpp":"bool","read":"highContrastEnabled","write":"setHighContrastEnabled"}	ui/qml/Main.qml,ui/qml/pages/settings/AppearanceSettingsTab.qml	apps/sentinel-desktop/src/DesktopShellViewModel.cpp,core/src/app/AppSettings.cpp,tests/core/test_app_settings.cpp,tests/desktop/test_desktop_shell_view_model.cpp	REFERENCES_ONLY; runtime validation separate
uiDensity	{"cpp":"QString","read":"uiDensity","write":"setUiDensity"}	ui/qml/Main.qml,ui/qml/pages/settings/AppearanceSettingsTab.qml,ui/qml/theme/SentinelTheme.qml	apps/sentinel-desktop/src/DesktopShellViewModel.cpp,core/src/app/AppSettings.cpp,tests/core/test_app_settings.cpp,tests/desktop/test_desktop_shell_view_model.cpp	REFERENCES_ONLY; runtime validation separate
notificationCenterJson	{"cpp":"QString","read":"notificationCenterJson","write":"setNotificationCenterJson"}		apps/sentinel-desktop/src/DesktopShellViewModel.cpp,core/src/app/AppSettings.cpp,tests/core/test_app_settings.cpp	REFERENCES_ONLY; runtime validation separate
updateWorkflowState	{"cpp":"QString","read":"updateWorkflowState","write":"setUpdateWorkflowState"}	ui/qml/Main.qml,ui/qml/components/dialogs/UpdateProgressModal.qml	apps/sentinel-desktop/src/DesktopShellViewModel.cpp,core/src/app/AppSettings.cpp,tests/core/test_app_settings.cpp,tests/desktop/test_desktop_shell_view_model.cpp	REFERENCES_ONLY; runtime validation separate
controlledAgentTasksJson	{"cpp":"QString","read":"controlledAgentTasksJson","write":"setControlledAgentTasksJson"}		core/src/app/AppSettings.cpp,core/src/app/ControlledTaskService.cpp,tests/desktop/test_desktop_shell_view_model.cpp	REFERENCES_ONLY; runtime validation separate
controlledAgentPermissionsJson	{"cpp":"QString","read":"controlledAgentPermissionsJson","write":"setControlledAgentPermissionsJson"}		core/src/app/AppSettings.cpp,core/src/app/ControlledTaskService.cpp	REFERENCES_ONLY; runtime validation separate
notifyModelDownloads	{"cpp":"bool","read":"notifyModelDownloads","write":"setNotifyModelDownloads"}	ui/qml/pages/settings/SystemSettingsTab.qml	apps/sentinel-desktop/src/DesktopShellViewModel.cpp,core/src/app/AppSettings.cpp	REFERENCES_ONLY; runtime validation separate
notifyModelRemovals	{"cpp":"bool","read":"notifyModelRemovals","write":"setNotifyModelRemovals"}	ui/qml/pages/settings/SystemSettingsTab.qml	apps/sentinel-desktop/src/DesktopShellViewModel.cpp,core/src/app/AppSettings.cpp	REFERENCES_ONLY; runtime validation separate
notifyAgentResponses	{"cpp":"bool","read":"notifyAgentResponses","write":"setNotifyAgentResponses"}	ui/qml/pages/settings/SystemSettingsTab.qml	apps/sentinel-desktop/src/DesktopShellViewModel.cpp,apps/sentinel-desktop/src/NativeCompanionAdapter.cpp,core/src/app/AppSettings.cpp	REFERENCES_ONLY; runtime validation separate
notifySystemUpdates	{"cpp":"bool","read":"notifySystemUpdates","write":"setNotifySystemUpdates"}	ui/qml/pages/settings/SystemSettingsTab.qml	apps/sentinel-desktop/src/DesktopShellViewModel.cpp,core/src/app/AppSettings.cpp	REFERENCES_ONLY; runtime validation separate
soundEffectsEnabled	{"cpp":"bool","read":"soundEffectsEnabled","write":"setSoundEffectsEnabled"}	ui/qml/Main.qml,ui/qml/pages/settings/SystemSettingsTab.qml	apps/sentinel-desktop/src/DesktopShellViewModel.cpp,core/src/app/AppSettings.cpp,tests/core/test_app_settings.cpp	REFERENCES_ONLY; runtime validation separate
networkMode	{"cpp":"QString","read":"networkMode"}		apps/sentinel-daemon/service/DaemonIpcServer.cpp,apps/sentinel-desktop/src/QuickPanelController.cpp,core/src/app/AppSettings.cpp,core/src/app/BackupService.cpp,core/src/app/SettingsService.cpp,tests/core/test_settings_recovery_runtime.cpp	REFERENCES_ONLY; runtime validation separate
