Tool	Descriptor line	Risk	Mode	Schema	Validator/gateway	Implementation references	Test references	Real audit E2E
local-plan-summary	161	Low	MetadataOnly	builtInSchema; additionalProperties=false	ToolArgumentValidator / ToolExecutionGateway		tests/core/test_null_agent_runtime.cpp:72,tests/core/test_application_controller.cpp:2296,tests/desktop/test_desktop_shell_view_model.cpp:1338,tests/desktop/test_desktop_shell_view_model.cpp:1395,tests/desktop/test_desktop_shell_view_model.cpp:2987	not independently completed
list-directory	171	Low	Local	builtInSchema; additionalProperties=false	ToolArgumentValidator / ToolExecutionGateway	1346,1422,1428	tests/core/test_chat_mode_service.cpp:111,tests/core/test_real_tool_executor_tools.cpp:166,tests/core/test_real_tool_executor_tools.cpp:260,tests/core/test_real_tool_executor_tools.cpp:285,tests/core/test_llm_agent_runtime.cpp:157,tests/core/test_llm_agent_runtime.cpp:213,tests/core/test_llm_agent_runtime.cpp:239,tests/core/test_llm_agent_runtime.cpp:248,tests/core/test_agent_loop.cpp:173,tests/core/test_agent_loop.cpp:185,tests/core/test_agent_loop.cpp:228,tests/core/test_agent_loop.cpp:257,tests/core/test_agent_loop.cpp:317,tests/core/test_agent_loop.cpp:325,tests/core/test_agent_loop.cpp:329,tests/core/test_agent_loop.cpp:341,tests/helpers/provider_certification_probe.cpp:325	not independently completed
read-file	185	Low	Local	builtInSchema; additionalProperties=false	ToolArgumentValidator / ToolExecutionGateway	1348,1467,1476,1478,1485	tests/core/test_agent_runtime.cpp:108,tests/core/test_agent_runtime.cpp:862,tests/core/test_in_memory_tool_registry.cpp:194,tests/core/test_in_memory_tool_registry.cpp:223,tests/core/test_in_memory_tool_registry.cpp:285,tests/core/test_in_memory_tool_registry.cpp:293,tests/core/test_in_memory_tool_registry.cpp:298,tests/core/test_real_tool_executor_tools.cpp:208,tests/core/test_real_tool_executor_tools.cpp:233,tests/core/test_real_tool_executor_tools.cpp:278,tests/core/test_real_tool_executor_tools.cpp:470,tests/core/test_daemon_ipc.cpp:255,tests/core/test_plugin_tool_integration.cpp:402,tests/core/test_plugin_tool_integration.cpp:432,tests/helpers/provider_certification_probe.cpp:333	not independently completed
write-file	205	High	Local	builtInSchema; additionalProperties=false	ToolArgumentValidator / ToolExecutionGateway	1350,1509,1513	tests/core/test_in_memory_tool_registry.cpp:223,tests/core/test_daemon_ipc.cpp:260	not independently completed
edit-file	218	High	Local	builtInSchema; additionalProperties=false	ToolArgumentValidator / ToolExecutionGateway	1352,1526,1531,1536,1541,1552,1558,1566,1582,1586	tests/core/test_real_tool_executor_tools.cpp:301,tests/core/test_real_tool_executor_tools.cpp:326	not independently completed
grep	239	Low	Local	builtInSchema; additionalProperties=false	ToolArgumentValidator / ToolExecutionGateway	1341,1360,1696,1760	tests/core/test_in_memory_tool_registry.cpp:223,tests/core/test_in_memory_tool_registry.cpp:289,tests/core/test_in_memory_tool_registry.cpp:304,tests/core/test_in_memory_tool_registry.cpp:305,tests/core/test_in_memory_tool_registry.cpp:308,tests/core/test_real_tool_executor_tools.cpp:354	not independently completed
glob	262	Low	Local	builtInSchema; additionalProperties=false	ToolArgumentValidator / ToolExecutionGateway	1343,1358,1804,1812	tests/core/test_agent_runtime.cpp:108,tests/core/test_agent_runtime.cpp:863,tests/core/test_real_tool_executor_tools.cpp:378,tests/core/test_daemon_ipc.cpp:245,tests/core/test_daemon_ipc.cpp:267,tests/core/test_daemon_ipc.cpp:271,tests/helpers/provider_certification_probe.cpp:335	workspace.files production gateway
delete-file	284	High	Local	builtInSchema; additionalProperties=false	ToolArgumentValidator / ToolExecutionGateway	1354,1599,1608	tests/core/test_real_tool_executor_tools.cpp:490,tests/core/test_real_tool_executor_tools.cpp:494,tests/core/test_real_tool_executor_tools.cpp:515	not independently completed
move-file	295	High	Local	builtInSchema; additionalProperties=false	ToolArgumentValidator / ToolExecutionGateway	1356,1619,1623,1626	tests/core/test_real_tool_executor_tools.cpp:539,tests/core/test_real_tool_executor_tools.cpp:564	not independently completed
apply-patch	308	High	Local	builtInSchema; additionalProperties=false	ToolArgumentValidator / ToolExecutionGateway		tests/core/test_real_tool_executor_tools.cpp:747,tests/core/test_real_tool_executor_tools.cpp:779,tests/core/test_real_tool_executor_tools.cpp:814,tests/core/test_real_tool_executor_tools.cpp:830	not independently completed
list-code-definitions	322	Low	Local	builtInSchema; additionalProperties=false	ToolArgumentValidator / ToolExecutionGateway	1649,1652	tests/core/test_real_tool_executor_tools.cpp:856	not independently completed
run-command	335	High	Local	builtInSchema; additionalProperties=false	ToolArgumentValidator / ToolExecutionGateway	389	tests/core/test_tool_execution_gateway.cpp:77,tests/core/test_agent_runtime.cpp:57,tests/core/test_agent_runtime.cpp:130,tests/core/test_agent_runtime.cpp:139,tests/core/test_agent_runtime.cpp:167,tests/core/test_agent_runtime.cpp:182,tests/core/test_agent_runtime.cpp:210,tests/core/test_agent_runtime.cpp:211,tests/core/test_agent_runtime.cpp:223,tests/core/test_agent_runtime.cpp:272,tests/core/test_agent_runtime.cpp:273,tests/core/test_agent_runtime.cpp:288,tests/core/test_agent_runtime.cpp:331,tests/core/test_agent_runtime.cpp:332,tests/core/test_agent_runtime.cpp:344,tests/core/test_agent_runtime.cpp:388,tests/core/test_agent_runtime.cpp:389,tests/core/test_agent_runtime.cpp:401,tests/core/test_agent_runtime.cpp:432,tests/core/test_agent_runtime.cpp:433,tests/core/test_agent_runtime.cpp:444,tests/core/test_agent_runtime.cpp:594,tests/core/test_agent_runtime.cpp:595,tests/core/test_agent_runtime.cpp:604,tests/core/test_agent_runtime.cpp:732,tests/core/test_agent_runtime.cpp:733,tests/core/test_agent_runtime.cpp:742,tests/core/test_agent_runtime.cpp:828,tests/core/test_agent_runtime.cpp:829,tests/core/test_agent_runtime.cpp:838,tests/core/test_in_memory_tool_registry.cpp:224,tests/core/test_real_tool_executor_tools.cpp:183,tests/core/test_real_tool_executor_tools.cpp:987,tests/core/test_llm_agent_runtime.cpp:61,tests/core/test_llm_agent_runtime.cpp:171,tests/core/test_llm_agent_runtime.cpp:177,tests/core/test_daemon_ipc.cpp:68,tests/core/test_daemon_ipc.cpp:69,tests/core/test_agent_loop.cpp:275,tests/core/test_agent_loop.cpp:282,tests/core/test_agent_loop.cpp:295,tests/core/test_agent_loop.cpp:302,tests/core/test_agent_loop.cpp:359,tests/core/test_agent_loop.cpp:360,tests/core/test_agent_loop.cpp:361,tests/core/test_agent_loop.cpp:369,tests/core/test_agent_loop.cpp:379,tests/core/test_agent_loop.cpp:387,tests/core/test_agent_loop.cpp:395,tests/core/test_agent_loop.cpp:406,tests/core/test_agent_loop.cpp:414,tests/core/test_agent_loop.cpp:420,tests/core/test_agent_loop.cpp:434,tests/core/test_agent_loop.cpp:441,tests/core/test_agent_loop.cpp:451,tests/core/test_agent_loop.cpp:465,tests/core/test_agent_loop.cpp:484,tests/core/test_agent_loop.cpp:496,tests/core/test_agent_loop.cpp:506,tests/core/test_agent_loop.cpp:516,tests/core/test_agent_loop.cpp:532,tests/desktop/test_desktop_ipc.cpp:113,tests/desktop/test_desktop_ipc.cpp:114,tests/helpers/provider_certification_probe.cpp:264,tests/helpers/provider_certification_probe.cpp:331	not independently completed
app-launch	361	High	Local	builtInSchema; additionalProperties=false	ToolArgumentValidator / ToolExecutionGateway	393,467,699	tests/core/test_real_tool_executor_tools.cpp:719	not independently completed
app-quit	374	High	Local	builtInSchema; additionalProperties=false	ToolArgumentValidator / ToolExecutionGateway	391,436,699		not independently completed
open-url	384	Medium	Local	builtInSchema; additionalProperties=false	ToolArgumentValidator / ToolExecutionGateway	394,503,700	tests/core/test_real_tool_executor_tools.cpp:603,tests/core/test_real_tool_executor_tools.cpp:724	not independently completed
system-notify	397	Medium	Local	builtInSchema; additionalProperties=false	ToolArgumentValidator / ToolExecutionGateway	392,526,700		not independently completed
clipboard-read	409	Medium	Local	builtInSchema; additionalProperties=false	ToolArgumentValidator / ToolExecutionGateway		tests/core/test_real_tool_executor_tools.cpp:650,tests/core/test_real_tool_executor_tools.cpp:673	not independently completed
clipboard-write	415	Medium	Local	builtInSchema; additionalProperties=false	ToolArgumentValidator / ToolExecutionGateway		tests/core/test_real_tool_executor_tools.cpp:667	not independently completed
system-info	424	Low	Local	builtInSchema; additionalProperties=false	ToolArgumentValidator / ToolExecutionGateway		tests/core/test_real_tool_executor_tools.cpp:625	not independently completed
process-list	432	Medium	Local	builtInSchema; additionalProperties=false	ToolArgumentValidator / ToolExecutionGateway	391,412	tests/core/test_agent_runtime.cpp:479,tests/core/test_agent_runtime.cpp:480,tests/core/test_agent_runtime.cpp:489,tests/core/test_real_tool_executor_tools.cpp:635	not independently completed
current-time	440	Low	Local	builtInSchema; additionalProperties=false	ToolArgumentValidator / ToolExecutionGateway		tests/core/test_real_tool_executor_tools.cpp:613	not independently completed
set-alarm	448	Medium	Local	builtInSchema; additionalProperties=false	ToolArgumentValidator / ToolExecutionGateway		tests/core/test_real_tool_executor_tools.cpp:418,tests/core/test_real_tool_executor_tools.cpp:436	not independently completed
list-alarms	462	Low	Local	builtInSchema; additionalProperties=false	ToolArgumentValidator / ToolExecutionGateway		tests/core/test_real_tool_executor_tools.cpp:426	not independently completed
cancel-alarm	468	Low	Local	builtInSchema; additionalProperties=false	ToolArgumentValidator / ToolExecutionGateway		tests/core/test_real_tool_executor_tools.cpp:587,tests/core/test_real_tool_executor_tools.cpp:595	not independently completed
todo-write	479	Low	Local	builtInSchema; additionalProperties=false	ToolArgumentValidator / ToolExecutionGateway		tests/core/test_real_tool_executor_tools.cpp:400,tests/core/test_real_tool_executor_tools.cpp:403	not independently completed
todo-read	497	Low	Local	builtInSchema; additionalProperties=false	ToolArgumentValidator / ToolExecutionGateway		tests/core/test_real_tool_executor_tools.cpp:405,tests/core/test_real_tool_executor_tools.cpp:407	not independently completed
memory-search	503	Low	Local	builtInSchema; additionalProperties=false	ToolArgumentValidator / ToolExecutionGateway		tests/core/test_in_memory_tool_registry.cpp:225,tests/core/test_real_tool_executor_tools.cpp:688,tests/core/test_real_tool_executor_tools.cpp:697,tests/core/test_real_tool_executor_tools.cpp:705	not independently completed
history-search	518	Low	Local	builtInSchema; additionalProperties=false	ToolArgumentValidator / ToolExecutionGateway		tests/core/test_real_tool_executor_tools.cpp:891,tests/core/test_real_tool_executor_tools.cpp:900,tests/core/test_real_tool_executor_tools.cpp:909	not independently completed
spawn-agent	532	Medium	Local	builtInSchema; additionalProperties=false	ToolArgumentValidator / ToolExecutionGateway	358	tests/core/test_agent_runtime.cpp:101,tests/core/test_agent_runtime.cpp:102,tests/core/test_agent_runtime.cpp:862,tests/core/test_in_memory_tool_registry.cpp:225,tests/core/test_real_tool_executor_tools.cpp:927,tests/core/test_real_tool_executor_tools.cpp:944,tests/core/test_real_tool_executor_tools.cpp:957,tests/core/test_real_tool_executor_tools.cpp:967	not independently completed
browser-screenshot	564	Medium	Local	builtInSchema; additionalProperties=false	ToolArgumentValidator / ToolExecutionGateway	392,574	tests/core/test_real_tool_executor_tools.cpp:1007,tests/core/test_real_tool_executor_tools.cpp:1024	not independently completed
browser-pdf	577	Medium	Local	builtInSchema; additionalProperties=false	ToolArgumentValidator / ToolExecutionGateway	393,575,576	tests/core/test_real_tool_executor_tools.cpp:1014,tests/core/test_real_tool_executor_tools.cpp:1028	not independently completed
web-fetch	589	High	Local	builtInSchema; additionalProperties=false	ToolArgumentValidator / ToolExecutionGateway			not independently completed
web-search	603	High	Local	builtInSchema; additionalProperties=false	ToolArgumentValidator / ToolExecutionGateway		tests/core/test_in_memory_tool_registry.cpp:224,tests/core/test_llm_agent_runtime.cpp:310	not independently completed
voice-transcribe	614	High	Local	builtInSchema; additionalProperties=false	ToolArgumentValidator / ToolExecutionGateway	258,264,286,2489		not independently completed
voice-speak	623	High	Local	builtInSchema; additionalProperties=false	ToolArgumentValidator / ToolExecutionGateway	258,274		not independently completed
