Field	Scope	Visible QML references
activeAgentSummaries	global	ui/qml/components/chat/ActiveAgentsPanel.qml:40
activeConversationCount	session	ui/qml/pages/ChatPanel.qml:211
activeConversationId	session	ui/qml/pages/ChatPanel.qml:355,ui/qml/pages/ChatPanel.qml:680,ui/qml/pages/ChatPanel.qml:698,ui/qml/components/chat/HomeChatSurface.qml:214,ui/qml/components/chat/HomeChatSurface.qml:638,ui/qml/components/chat/HomeChatSurface.qml:1714,ui/qml/components/chat/HomeChatSurface.qml:1751,ui/qml/components/chat/HomeChatSurface.qml:1756,ui/qml/components/chat/HomeChatSurface.qml:1759,ui/qml/components/chat/HomeChatSurface.qml:1761,ui/qml/components/chat/HomeChatSurface.qml:1767,ui/qml/components/chat/HomeChatSurface.qml:1773,ui/qml/components/chat/HomeChatSurface.qml:1775,ui/qml/components/chat/HomeChatSurface.qml:1795,ui/qml/components/chat/HomeChatSurface.qml:1796,ui/qml/components/chat/HomeChatSurface.qml:1797
activeConversationSummary	session	ui/qml/pages/ChatPanel.qml:659
agentActivityCount	session	ui/qml/components/chat/CognitionStreamPanel.qml:43
archivedConversationCount	global	ui/qml/pages/ChatPanel.qml:212
chatMaintenanceStatus	session	ui/qml/pages/settings/WorkspaceSettingsTab.qml:63
chatSendLifecycleState	session	ui/qml/components/chat/HomeChatSurface.qml:25,ui/qml/components/chat/RuntimeStateStrip.qml:17
cloudModelDiscoveryError	global	ui/qml/pages/settings/ModelSettingsTab.qml:194,ui/qml/pages/settings/ModelSettingsTab.qml:195
conversationActiveSummaries	session	ui/qml/pages/ChatPanel.qml:63
conversationArchivedSummaries	session	ui/qml/pages/ChatPanel.qml:36,ui/qml/pages/ChatPanel.qml:45,ui/qml/pages/ChatPanel.qml:61,ui/qml/pages/ChatPanel.qml:356,ui/qml/components/chat/HomeChatSurface.qml:236
conversationDuplicateLastResultSummary	session	ui/qml/pages/ChatPanel.qml:610
conversationExportLastResultSummary	session	ui/qml/components/navigation/CommandPalette.qml:84
conversationHistorySummaryText	session	ui/qml/pages/settings/WorkspaceSettingsTab.qml:63
conversationIds	session	ui/qml/pages/ChatPanel.qml:30,ui/qml/pages/ChatPanel.qml:35,ui/qml/pages/ChatPanel.qml:44,ui/qml/pages/ChatPanel.qml:85,ui/qml/pages/ChatPanel.qml:354,ui/qml/components/chat/HomeChatSurface.qml:229,ui/qml/components/chat/HomeChatSurface.qml:234,ui/qml/components/chat/HomeChatSurface.qml:244,ui/qml/components/chat/HomeChatSurface.qml:251,ui/qml/components/chat/HomeChatSurface.qml:629,ui/qml/components/chat/HomeChatSurface.qml:631,ui/qml/components/chat/HomeChatSurface.qml:1751,ui/qml/components/chat/HomeChatSurface.qml:1756,ui/qml/components/chat/HomeChatSurface.qml:1767,ui/qml/components/chat/HomeChatSurface.qml:1796
conversationLastUpdatedSummaries	session	ui/qml/pages/ChatPanel.qml:60,ui/qml/pages/ChatPanel.qml:484
conversationMessageCountSummaries	session	ui/qml/pages/ChatPanel.qml:59,ui/qml/pages/ChatPanel.qml:482
conversationPinnedSummaries	session	ui/qml/pages/ChatPanel.qml:31,ui/qml/pages/ChatPanel.qml:62,ui/qml/components/chat/HomeChatSurface.qml:231
conversationRuntimeLastErrorSummary	session	ui/qml/components/chat/RuntimeStateStrip.qml:20,ui/qml/components/chat/RuntimeStateStrip.qml:21
conversationRuntimeStreaming	session	ui/qml/components/chat/RuntimeStateStrip.qml:15
conversationStoreConversationCount	session	ui/qml/pages/ChatPanel.qml:222
conversationTitles	session	ui/qml/pages/ChatPanel.qml:58,ui/qml/pages/ChatPanel.qml:448,ui/qml/pages/ChatPanel.qml:572,ui/qml/components/chat/HomeChatSurface.qml:250,ui/qml/components/chat/HomeChatSurface.qml:635,ui/qml/components/chat/HomeChatSurface.qml:1797
conversationTransitionSummary	session	ui/qml/components/chat/CognitionStreamPanel.qml:55
currentRoutingMode	global	ui/qml/pages/settings/ModelSettingsTab.qml:369,ui/qml/pages/settings/ModelSettingsTab.qml:370
latestAgentPipelineSummary	session	ui/qml/components/chat/CognitionStreamPanel.qml:52
latestToolExecutionStatus	session	ui/qml/components/chat/RuntimeStateStrip.qml:61,ui/qml/components/chat/RuntimeStateStrip.qml:63
llamaCppEndpoint	global	ui/qml/onboarding/ProviderSetupStep.qml:25,ui/qml/onboarding/ProviderSetupStep.qml:35,ui/qml/pages/settings/ModelSettingsTab.qml:418,ui/qml/pages/settings/ModelSettingsTab.qml:419
lmStudioEndpoint	global	ui/qml/onboarding/ProviderSetupStep.qml:24,ui/qml/onboarding/ProviderSetupStep.qml:34,ui/qml/pages/settings/ModelSettingsTab.qml:403,ui/qml/pages/settings/ModelSettingsTab.qml:404
localInferenceBusy	session	ui/qml/components/chat/RuntimeStateStrip.qml:16
localInferenceMaxTokens	session	ui/qml/pages/settings/ModelSettingsTab.qml:645,ui/qml/pages/settings/ModelSettingsTab.qml:646
localInferenceStreamStatus	session	ui/qml/components/chat/RuntimeStateStrip.qml:53,ui/qml/components/navigation/StatusBar.qml:77
localInferenceSummary	session	ui/qml/components/chat/CognitionStreamPanel.qml:56
localInferenceTemperature	session	ui/qml/onboarding/ModelSetupStep.qml:96,ui/qml/onboarding/ModelSetupStep.qml:106,ui/qml/onboarding/ModelSetupStep.qml:107,ui/qml/pages/settings/ModelSettingsTab.qml:76,ui/qml/pages/settings/ModelSettingsTab.qml:90,ui/qml/pages/settings/ModelSettingsTab.qml:594,ui/qml/pages/settings/ModelSettingsTab.qml:607,ui/qml/pages/settings/ModelSettingsTab.qml:608
localInferenceTimeoutMs	session	ui/qml/pages/settings/ModelSettingsTab.qml:658,ui/qml/pages/settings/ModelSettingsTab.qml:661,ui/qml/pages/settings/ModelSettingsTab.qml:667,ui/qml/pages/settings/ModelSettingsTab.qml:679,ui/qml/pages/settings/ModelSettingsTab.qml:680
localInferenceTopP	session	ui/qml/pages/settings/ModelSettingsTab.qml:77,ui/qml/pages/settings/ModelSettingsTab.qml:91,ui/qml/pages/settings/ModelSettingsTab.qml:613,ui/qml/pages/settings/ModelSettingsTab.qml:626,ui/qml/pages/settings/ModelSettingsTab.qml:627
localRuntimeHealth	global	ui/qml/components/chat/RuntimeStateStrip.qml:44,ui/qml/components/chat/RuntimeStateStrip.qml:45,ui/qml/components/chat/RuntimeStateStrip.qml:47
memoryMaintenanceStatus	global	ui/qml/pages/settings/WorkspaceSettingsTab.qml:48
memoryStatus	global	ui/qml/pages/settings/WorkspaceSettingsTab.qml:48
ollamaDiscoveryStatus	global	ui/qml/pages/settings/ModelSettingsTab.qml:148,ui/qml/pages/settings/ModelSettingsTab.qml:149,ui/qml/pages/settings/ModelSettingsTab.qml:199,ui/qml/pages/settings/ModelSettingsTab.qml:200
ollamaEndpoint	global	ui/qml/onboarding/ProviderSetupStep.qml:23,ui/qml/onboarding/ProviderSetupStep.qml:33,ui/qml/pages/settings/ModelSettingsTab.qml:388,ui/qml/pages/settings/ModelSettingsTab.qml:389
orchestrationReadinessStatus	global	ui/qml/components/navigation/StatusBar.qml:99
persistentPermissionGrants	global	ui/qml/pages/settings/SecuritySettingsTab.qml:22,ui/qml/pages/settings/SecuritySettingsTab.qml:147,ui/qml/pages/settings/SecuritySettingsTab.qml:165
piperBinaryPath	global	ui/qml/pages/settings/VoiceSettingsTab.qml:45,ui/qml/pages/settings/VoiceSettingsTab.qml:193,ui/qml/pages/settings/VoiceSettingsTab.qml:194
piperFileOutputExecutionEnabled	global	ui/qml/pages/settings/VoiceSettingsTab.qml:240,ui/qml/pages/settings/VoiceSettingsTab.qml:243
piperModelPath	global	ui/qml/pages/settings/VoiceSettingsTab.qml:47,ui/qml/pages/settings/VoiceSettingsTab.qml:223,ui/qml/pages/settings/VoiceSettingsTab.qml:224
providerStatus	global	ui/qml/pages/settings/ModelSettingsTab.qml:180,ui/qml/pages/settings/ModelSettingsTab.qml:182,ui/qml/pages/settings/ModelSettingsTab.qml:183,ui/qml/pages/settings/ModelSettingsTab.qml:184,ui/qml/pages/settings/ModelSettingsTab.qml:185
runtimeContextSummary	global	ui/qml/components/chat/CognitionStreamPanel.qml:54
runtimeSafetyDecision	global	ui/qml/components/navigation/StatusBar.qml:99
selectedSemanticProviderName	global	ui/qml/pages/settings/WorkspaceSettingsTab.qml:216
semanticProviderReadiness	global	ui/qml/pages/settings/WorkspaceSettingsTab.qml:216
semanticRetrievalStatus	global	ui/qml/pages/settings/WorkspaceSettingsTab.qml:222
summaryContinuityContributionSummary	global	ui/qml/pages/settings/WorkspaceSettingsTab.qml:55
summaryContinuityStatus	global	ui/qml/pages/settings/WorkspaceSettingsTab.qml:55
vectorIndexedItemCount	global	ui/qml/pages/settings/WorkspaceSettingsTab.qml:222
voiceReadinessStatus	global	ui/qml/components/navigation/StatusBar.qml:86
whisperBinaryPath	global	ui/qml/pages/settings/VoiceSettingsTab.qml:49,ui/qml/pages/settings/VoiceSettingsTab.qml:270,ui/qml/pages/settings/VoiceSettingsTab.qml:271
whisperModelPath	global	ui/qml/pages/settings/VoiceSettingsTab.qml:51,ui/qml/pages/settings/VoiceSettingsTab.qml:298,ui/qml/pages/settings/VoiceSettingsTab.qml:299
whisperTranscriptionExecutionEnabled	global	ui/qml/pages/settings/VoiceSettingsTab.qml:315,ui/qml/pages/settings/VoiceSettingsTab.qml:318
